alpha,epsilon,tau,lambda,data_model_type,data_model_name,problem_type
0.50000000,0.00000000,0.00000000,0.04476852,VanillaGaussian,VanillaGaussian,Logistic
0.50000000,0.20000000,0.00000000,0.04560451,VanillaGaussian,VanillaGaussian,Logistic
0.50000000,0.40000000,0.00000000,0.04445664,VanillaGaussian,VanillaGaussian,Logistic
0.50000000,0.60000000,0.00000000,0.04068207,VanillaGaussian,VanillaGaussian,Logistic
0.50000000,0.80000000,0.00000000,0.03374779,VanillaGaussian,VanillaGaussian,Logistic
2.87500000,0.00000000,0.00000000,0.00991269,VanillaGaussian,VanillaGaussian,Logistic
5.25000000,0.00000000,0.00000000,0.00363750,VanillaGaussian,VanillaGaussian,Logistic
2.87500000,0.20000000,0.00000000,0.00834869,VanillaGaussian,VanillaGaussian,Logistic
7.62500000,0.00000000,0.00000000,0.00182096,VanillaGaussian,VanillaGaussian,Logistic
7.62500000,0.80000000,0.00000000,0.00000001,VanillaGaussian,VanillaGaussian,Logistic
5.25000000,0.80000000,0.00000000,0.00000001,VanillaGaussian,VanillaGaussian,Logistic
2.87500000,0.80000000,0.00000000,0.00000001,VanillaGaussian,VanillaGaussian,Logistic
5.25000000,0.60000000,0.00000000,0.00000001,VanillaGaussian,VanillaGaussian,Logistic
2.87500000,0.60000000,0.00000000,0.00000001,VanillaGaussian,VanillaGaussian,Logistic
7.62500000,0.60000000,0.00000000,0.00000001,VanillaGaussian,VanillaGaussian,Logistic
10.00000000,0.80000000,0.00000000,0.00000001,VanillaGaussian,VanillaGaussian,Logistic
10.00000000,0.60000000,0.00000000,0.00000001,VanillaGaussian,VanillaGaussian,Logistic
10.00000000,0.00000000,0.00000000,0.00108195,VanillaGaussian,VanillaGaussian,Logistic
7.62500000,0.40000000,0.00000000,0.00000001,VanillaGaussian,VanillaGaussian,Logistic
10.00000000,0.40000000,0.00000000,0.00000001,VanillaGaussian,VanillaGaussian,Logistic
5.25000000,0.40000000,0.00000000,0.00000001,VanillaGaussian,VanillaGaussian,Logistic
2.87500000,0.40000000,0.00000000,0.00000001,VanillaGaussian,VanillaGaussian,Logistic
5.25000000,0.20000000,0.00000000,0.00079353,VanillaGaussian,VanillaGaussian,Logistic
10.00000000,0.20000000,0.00000000,0.00000001,VanillaGaussian,VanillaGaussian,Logistic
7.62500000,0.20000000,0.00000000,0.00000001,VanillaGaussian,VanillaGaussian,Logistic
1.00000000,0.00000000,0.00000000,0.03155766,VanillaGaussian,VanillaGaussian,Logistic
2.00000000,0.00000000,0.00000000,0.01626676,VanillaGaussian,VanillaGaussian,Logistic
1.00000000,0.10000000,0.00000000,0.03220607,VanillaGaussian,VanillaGaussian,Logistic
1.00000000,0.05000000,0.00000000,0.03197086,VanillaGaussian,VanillaGaussian,Logistic
1.00000000,0.15000000,0.00000000,0.03224114,VanillaGaussian,VanillaGaussian,Logistic
3.00000000,0.00000000,0.00000000,0.00929582,VanillaGaussian,VanillaGaussian,Logistic
1.00000000,0.20000000,0.00000000,0.03204862,VanillaGaussian,VanillaGaussian,Logistic
2.00000000,0.10000000,0.00000000,0.01662483,VanillaGaussian,VanillaGaussian,Logistic
2.00000000,0.15000000,0.00000000,0.01631250,VanillaGaussian,VanillaGaussian,Logistic
2.00000000,0.05000000,0.00000000,0.01658926,VanillaGaussian,VanillaGaussian,Logistic
3.00000000,0.15000000,0.00000000,0.00876756,VanillaGaussian,VanillaGaussian,Logistic
3.00000000,0.05000000,0.00000000,0.00951197,VanillaGaussian,VanillaGaussian,Logistic
3.00000000,0.10000000,0.00000000,0.00936861,VanillaGaussian,VanillaGaussian,Logistic
2.00000000,0.20000000,0.00000000,0.01558666,VanillaGaussian,VanillaGaussian,Logistic
3.00000000,0.20000000,0.00000000,0.00762166,VanillaGaussian,VanillaGaussian,Logistic
3.50000000,0.25000000,0.00000000,0.00337565,VanillaGaussian,VanillaGaussian,Logistic
3.50000000,0.28750000,0.00000000,0.00176686,VanillaGaussian,VanillaGaussian,Logistic
5.00000000,0.40000000,0.00000000,0.00000001,VanillaGaussian,VanillaGaussian,Logistic
4.25000000,0.40000000,0.00000000,0.00000001,VanillaGaussian,VanillaGaussian,Logistic
5.00000000,0.36250000,0.00000000,0.00000001,VanillaGaussian,VanillaGaussian,Logistic
3.50000000,0.40000000,0.00000000,0.00000001,VanillaGaussian,VanillaGaussian,Logistic
4.25000000,0.36250000,0.00000000,0.00000001,VanillaGaussian,VanillaGaussian,Logistic
3.50000000,0.32500000,0.00000000,0.00007643,VanillaGaussian,VanillaGaussian,Logistic
5.00000000,0.32500000,0.00000000,0.00000001,VanillaGaussian,VanillaGaussian,Logistic
4.25000000,0.25000000,0.00000000,0.00092033,VanillaGaussian,VanillaGaussian,Logistic
3.50000000,0.36250000,0.00000000,0.00000001,VanillaGaussian,VanillaGaussian,Logistic
4.25000000,0.32500000,0.00000000,0.00000001,VanillaGaussian,VanillaGaussian,Logistic
5.00000000,0.28750000,0.00000000,0.00000001,VanillaGaussian,VanillaGaussian,Logistic
3.50000000,3.14722222,0.00000000,-0.00001000,VanillaGaussian,VanillaGaussian,Logistic
3.50000000,3.50000000,0.00000000,-0.00001000,VanillaGaussian,VanillaGaussian,Logistic
3.50000000,2.79444444,0.00000000,-0.00001000,VanillaGaussian,VanillaGaussian,Logistic
3.50000000,2.44166667,0.00000000,-0.00000999,VanillaGaussian,VanillaGaussian,Logistic
3.50000000,2.08888889,0.00000000,0.00002205,VanillaGaussian,VanillaGaussian,Logistic
3.50000000,1.73611111,0.00000000,-0.00000995,VanillaGaussian,VanillaGaussian,Logistic
4.25000000,0.28750000,0.00000000,0.00000001,VanillaGaussian,VanillaGaussian,Logistic
5.00000000,0.25000000,0.00000000,0.00000001,VanillaGaussian,VanillaGaussian,Logistic
3.50000000,0.35000000,0.00000000,-0.00000999,VanillaGaussian,VanillaGaussian,Logistic
3.50000000,0.34444444,0.00000000,-0.00000999,VanillaGaussian,VanillaGaussian,Logistic
3.50000000,0.34722222,0.00000000,-0.00000999,VanillaGaussian,VanillaGaussian,Logistic
3.50000000,0.34166667,0.00000000,-0.00000999,VanillaGaussian,VanillaGaussian,Logistic
3.50000000,0.33888889,0.00000000,-0.00000999,VanillaGaussian,VanillaGaussian,Logistic
3.50000000,0.33333333,0.00000000,-0.00000999,VanillaGaussian,VanillaGaussian,Logistic
3.50000000,0.33611111,0.00000000,-0.00000999,VanillaGaussian,VanillaGaussian,Logistic
3.50000000,0.32777778,0.00000000,-0.00000999,VanillaGaussian,VanillaGaussian,Logistic
3.50000000,0.33055556,0.00000000,-0.00000999,VanillaGaussian,VanillaGaussian,Logistic
3.50000000,0.32522222,0.00000000,0.00006617,VanillaGaussian,VanillaGaussian,Logistic
3.50000000,0.32588889,0.00000000,0.00003538,VanillaGaussian,VanillaGaussian,Logistic
3.50000000,0.32566667,0.00000000,0.00004565,VanillaGaussian,VanillaGaussian,Logistic
3.50000000,0.32611111,0.00000000,0.00002511,VanillaGaussian,VanillaGaussian,Logistic
3.50000000,0.32633333,0.00000000,0.00001484,VanillaGaussian,VanillaGaussian,Logistic
3.50000000,0.32655556,0.00000000,0.00000453,VanillaGaussian,VanillaGaussian,Logistic
3.50000000,0.32677778,0.00000000,-0.00000573,VanillaGaussian,VanillaGaussian,Logistic
3.50000000,0.32544444,0.00000000,0.00005591,VanillaGaussian,VanillaGaussian,Logistic
3.50000000,0.32700000,0.00000000,-0.00000999,VanillaGaussian,VanillaGaussian,Logistic
3.50000000,0.32540000,0.00000000,0.00005796,VanillaGaussian,VanillaGaussian,Logistic
3.50000000,0.32520000,0.00000000,0.00006720,VanillaGaussian,VanillaGaussian,Logistic
3.50000000,0.32590000,0.00000000,0.00003487,VanillaGaussian,VanillaGaussian,Logistic
3.50000000,0.32570000,0.00000000,0.00004411,VanillaGaussian,VanillaGaussian,Logistic
3.50000000,0.32610000,0.00000000,0.00002562,VanillaGaussian,VanillaGaussian,Logistic
3.50000000,0.32630000,0.00000000,0.00001638,VanillaGaussian,VanillaGaussian,Logistic
3.50000000,0.32660000,0.00000000,0.00000247,VanillaGaussian,VanillaGaussian,Logistic
3.50000000,0.32680000,0.00000000,-0.00000675,VanillaGaussian,VanillaGaussian,Logistic
3.50000000,0.32650000,0.00000000,0.00000716,VanillaGaussian,VanillaGaussian,Logistic
3.50000000,0.32650000,0.00000000,0.00000716,VanillaGaussian,VanillaGaussian,Logistic
3.50000000,0.32650000,0.00000000,0.00000716,VanillaGaussian,VanillaGaussian,Logistic
3.50000000,0.32670000,0.00000000,-0.00000216,VanillaGaussian,VanillaGaussian,Logistic
3.50000000,0.32750000,0.00000000,-0.00000999,VanillaGaussian,VanillaGaussian,Logistic
0.10000000,0.00000000,0.00000000,0.05798078,VanillaGaussian,VanillaGaussian,Logistic
0.52142857,0.00000000,0.00000000,0.04409832,VanillaGaussian,VanillaGaussian,Logistic
0.10000000,0.10000000,0.00000000,0.05777798,VanillaGaussian,VanillaGaussian,Logistic
0.52142857,0.10000000,0.00000000,0.04474153,VanillaGaussian,VanillaGaussian,Logistic
0.10000000,0.20000000,0.00000000,41.06243378,VanillaGaussian,VanillaGaussian,Logistic
0.94285714,0.00000000,0.00000000,0.03284877,VanillaGaussian,VanillaGaussian,Logistic
0.52142857,0.20000000,0.00000000,0.04494766,VanillaGaussian,VanillaGaussian,Logistic
1.36428571,0.00000000,0.00000000,0.02453923,VanillaGaussian,VanillaGaussian,Logistic
0.52140000,0.00000000,0.00000000,0.04409917,VanillaGaussian,VanillaGaussian,Logistic
0.94290000,0.00000000,0.00000000,0.03284778,VanillaGaussian,VanillaGaussian,Logistic
1.36430000,0.00000000,0.00000000,0.02453898,VanillaGaussian,VanillaGaussian,Logistic
0.52140000,0.20000000,0.00000000,0.04494854,VanillaGaussian,VanillaGaussian,Logistic
1.78570000,0.00000000,0.00000000,0.01859837,VanillaGaussian,VanillaGaussian,Logistic
0.52140000,0.10000000,0.00000000,0.04474238,VanillaGaussian,VanillaGaussian,Logistic
0.94290000,0.10000000,0.00000000,0.03350435,VanillaGaussian,VanillaGaussian,Logistic
2.20710000,0.00000000,0.00000000,0.01435976,VanillaGaussian,VanillaGaussian,Logistic
2.62860000,0.00000000,0.00000000,0.01130304,VanillaGaussian,VanillaGaussian,Logistic
0.94290000,0.20000000,0.00000000,0.03339744,VanillaGaussian,VanillaGaussian,Logistic
3.05000000,0.00000000,0.00000000,0.00906383,VanillaGaussian,VanillaGaussian,Logistic
1.36430000,0.10000000,0.00000000,0.02509818,VanillaGaussian,VanillaGaussian,Logistic
1.36430000,0.20000000,0.00000000,0.02461207,VanillaGaussian,VanillaGaussian,Logistic
1.78570000,0.20000000,0.00000000,0.01816985,VanillaGaussian,VanillaGaussian,Logistic
2.20710000,0.10000000,0.00000000,0.01465331,VanillaGaussian,VanillaGaussian,Logistic
2.20710000,0.20000000,0.00000000,0.01345624,VanillaGaussian,VanillaGaussian,Logistic
2.62860000,0.10000000,0.00000000,0.01147376,VanillaGaussian,VanillaGaussian,Logistic
1.78570000,0.10000000,0.00000000,0.01902502,VanillaGaussian,VanillaGaussian,Logistic
3.47140000,0.00000000,0.00000000,0.00739313,VanillaGaussian,VanillaGaussian,Logistic
3.89290000,0.00000000,0.00000000,0.00612347,VanillaGaussian,VanillaGaussian,Logistic
3.05000000,0.10000000,0.00000000,0.00912431,VanillaGaussian,VanillaGaussian,Logistic
4.31430000,0.00000000,0.00000000,0.00514215,VanillaGaussian,VanillaGaussian,Logistic
2.62860000,0.20000000,0.00000000,0.00996913,VanillaGaussian,VanillaGaussian,Logistic
4.73570000,0.00000000,0.00000000,0.00437099,VanillaGaussian,VanillaGaussian,Logistic
3.47140000,0.10000000,0.00000000,0.00735636,VanillaGaussian,VanillaGaussian,Logistic
5.15710000,0.00000000,0.00000000,0.00375611,VanillaGaussian,VanillaGaussian,Logistic
3.05000000,0.20000000,0.00000000,0.00734682,VanillaGaussian,VanillaGaussian,Logistic
3.89290000,0.10000000,0.00000000,0.00599982,VanillaGaussian,VanillaGaussian,Logistic
5.57860000,0.00000000,0.00000000,0.00325886,VanillaGaussian,VanillaGaussian,Logistic
4.31430000,0.10000000,0.00000000,0.00494096,VanillaGaussian,VanillaGaussian,Logistic
6.00000000,0.00000000,0.00000000,0.00285198,VanillaGaussian,VanillaGaussian,Logistic
3.47140000,0.20000000,0.00000000,0.00534336,VanillaGaussian,VanillaGaussian,Logistic
4.73570000,0.10000000,0.00000000,0.00410037,VanillaGaussian,VanillaGaussian,Logistic
3.89290000,0.20000000,0.00000000,0.00379350,VanillaGaussian,VanillaGaussian,Logistic
5.57860000,0.10000000,0.00000000,0.00286858,VanillaGaussian,VanillaGaussian,Logistic
4.31430000,0.20000000,0.00000000,0.00258835,VanillaGaussian,VanillaGaussian,Logistic
5.15710000,0.10000000,0.00000000,0.00342251,VanillaGaussian,VanillaGaussian,Logistic
6.00000000,0.10000000,0.00000000,0.00241003,VanillaGaussian,VanillaGaussian,Logistic
4.73570000,0.20000000,0.00000000,0.00165230,VanillaGaussian,VanillaGaussian,Logistic
5.15710000,0.20000000,0.00000000,0.00092915,VanillaGaussian,VanillaGaussian,Logistic
5.57860000,0.20000000,0.00000000,0.00037120,VanillaGaussian,VanillaGaussian,Logistic
6.00000000,0.20000000,0.00000000,-0.00000999,VanillaGaussian,VanillaGaussian,Logistic
0.50000000,0.00000000,0.00000000,0.05462207,SourceCapacity,SourceCapacity_IDStudentPrior,Logistic
0.50000000,0.40000000,0.00000000,0.05922356,SourceCapacity,SourceCapacity_IDStudentPrior,Logistic
0.50000000,0.20000000,0.00000000,0.05708131,SourceCapacity,SourceCapacity_IDStudentPrior,Logistic
0.50000000,0.60000000,0.00000000,0.06095232,SourceCapacity,SourceCapacity_IDStudentPrior,Logistic
0.50000000,0.80000000,0.00000000,0.06216256,SourceCapacity,SourceCapacity_IDStudentPrior,Logistic
5.25000000,0.00000000,0.00000000,0.04596681,SourceCapacity,SourceCapacity_IDStudentPrior,Logistic
10.00000000,0.00000000,0.00000000,0.03013145,SourceCapacity,SourceCapacity_IDStudentPrior,Logistic
5.25000000,0.20000000,0.00000000,0.04511132,SourceCapacity,SourceCapacity_IDStudentPrior,Logistic
5.25000000,0.40000000,0.00000000,0.03930531,SourceCapacity,SourceCapacity_IDStudentPrior,Logistic
5.25000000,0.60000000,0.00000000,0.02763114,SourceCapacity,SourceCapacity_IDStudentPrior,Logistic
10.00000000,0.20000000,0.00000000,0.02727367,SourceCapacity,SourceCapacity_IDStudentPrior,Logistic
5.25000000,0.80000000,0.00000000,0.01072639,SourceCapacity,SourceCapacity_IDStudentPrior,Logistic
10.00000000,0.40000000,0.00000000,0.01681146,SourceCapacity,SourceCapacity_IDStudentPrior,Logistic
10.00000000,0.80000000,0.00000000,-0.00000999,SourceCapacity,SourceCapacity_IDStudentPrior,Logistic
0.50000000,0.00000000,0.00000000,0.00012883,SourceCapacity,SourceCapacity_PowerLawStudentPrior,Logistic
0.50000000,0.80000000,0.00000000,0.01715378,SourceCapacity,SourceCapacity_PowerLawStudentPrior,Logistic
0.50000000,0.60000000,0.00000000,0.01021613,SourceCapacity,SourceCapacity_PowerLawStudentPrior,Logistic
5.25000000,0.00000000,0.00000000,0.00252201,SourceCapacity,SourceCapacity_PowerLawStudentPrior,Logistic
0.50000000,0.20000000,0.00000000,0.00096255,SourceCapacity,SourceCapacity_PowerLawStudentPrior,Logistic
0.50000000,0.40000000,0.00000000,0.00408229,SourceCapacity,SourceCapacity_PowerLawStudentPrior,Logistic
5.25000000,0.20000000,0.00000000,0.00488616,SourceCapacity,SourceCapacity_PowerLawStudentPrior,Logistic
5.25000000,0.40000000,0.00000000,0.00449327,SourceCapacity,SourceCapacity_PowerLawStudentPrior,Logistic
10.00000000,0.00000000,0.00000000,0.00106793,SourceCapacity,SourceCapacity_PowerLawStudentPrior,Logistic
5.25000000,0.60000000,0.00000000,0.00165273,SourceCapacity,SourceCapacity_PowerLawStudentPrior,Logistic
10.00000000,0.20000000,0.00000000,0.00142428,SourceCapacity,SourceCapacity_PowerLawStudentPrior,Logistic
10.00000000,0.40000000,0.00000000,0.00060921,SourceCapacity,SourceCapacity_PowerLawStudentPrior,Logistic
5.25000000,0.80000000,0.00000000,0.00025284,SourceCapacity,SourceCapacity_PowerLawStudentPrior,Logistic
0.50000000,0.20000000,0.00000000,0.29648029,SourceCapacity,SourceCapacity_PowerLawStudentPriorCorrect,Logistic
0.50000000,0.00000000,0.00000000,0.30007679,SourceCapacity,SourceCapacity_PowerLawStudentPriorCorrect,Logistic
0.50000000,0.20000000,0.00000000,0.29648029,SourceCapacity,SourceCapacity_PowerLawStudentPriorCorrect,Logistic
0.50000000,0.00000000,0.00000000,0.30007679,SourceCapacity,SourceCapacity_PowerLawStudentPriorCorrect,Logistic
0.50000000,0.40000000,0.00000000,0.29061773,SourceCapacity,SourceCapacity_PowerLawStudentPriorCorrect,Logistic
0.50000000,0.40000000,0.00000000,0.29061773,SourceCapacity,SourceCapacity_PowerLawStudentPriorCorrect,Logistic
0.50000000,0.60000000,0.00000000,0.28251089,SourceCapacity,SourceCapacity_PowerLawStudentPriorCorrect,Logistic
0.50000000,0.60000000,0.00000000,0.28251089,SourceCapacity,SourceCapacity_PowerLawStudentPriorCorrect,Logistic
0.50000000,0.80000000,0.00000000,0.27219651,SourceCapacity,SourceCapacity_PowerLawStudentPriorCorrect,Logistic
0.50000000,0.80000000,0.00000000,0.27219651,SourceCapacity,SourceCapacity_PowerLawStudentPriorCorrect,Logistic
5.25000000,0.00000000,0.00000000,0.32836654,SourceCapacity,SourceCapacity_PowerLawStudentPriorCorrect,Logistic
5.25000000,0.00000000,0.00000000,0.32836654,SourceCapacity,SourceCapacity_PowerLawStudentPriorCorrect,Logistic
10.00000000,0.00000000,0.00000000,0.20580798,SourceCapacity,SourceCapacity_PowerLawStudentPriorCorrect,Logistic
10.00000000,0.00000000,0.00000000,0.20580798,SourceCapacity,SourceCapacity_PowerLawStudentPriorCorrect,Logistic
5.25000000,0.20000000,0.00000000,0.25289332,SourceCapacity,SourceCapacity_PowerLawStudentPriorCorrect,Logistic
5.25000000,0.20000000,0.00000000,0.25289332,SourceCapacity,SourceCapacity_PowerLawStudentPriorCorrect,Logistic
5.25000000,0.40000000,0.00000000,0.17813097,SourceCapacity,SourceCapacity_PowerLawStudentPriorCorrect,Logistic
5.25000000,0.40000000,0.00000000,0.17813097,SourceCapacity,SourceCapacity_PowerLawStudentPriorCorrect,Logistic
5.25000000,0.60000000,0.00000000,0.10327286,SourceCapacity,SourceCapacity_PowerLawStudentPriorCorrect,Logistic
5.25000000,0.60000000,0.00000000,0.10327286,SourceCapacity,SourceCapacity_PowerLawStudentPriorCorrect,Logistic
10.00000000,0.80000000,0.00000000,-0.00000999,SourceCapacity,SourceCapacity_PowerLawStudentPrior,Logistic
10.00000000,0.20000000,0.00000000,0.13241975,SourceCapacity,SourceCapacity_PowerLawStudentPriorCorrect,Logistic
10.00000000,0.20000000,0.00000000,0.13241975,SourceCapacity,SourceCapacity_PowerLawStudentPriorCorrect,Logistic
5.25000000,0.80000000,0.00000000,0.03109007,SourceCapacity,SourceCapacity_PowerLawStudentPriorCorrect,Logistic
5.25000000,0.80000000,0.00000000,0.03109007,SourceCapacity,SourceCapacity_PowerLawStudentPriorCorrect,Logistic
10.00000000,0.40000000,0.00000000,0.06136371,SourceCapacity,SourceCapacity_PowerLawStudentPriorCorrect,Logistic
10.00000000,0.40000000,0.00000000,0.06136371,SourceCapacity,SourceCapacity_PowerLawStudentPriorCorrect,Logistic
10.00000000,0.80000000,0.00000000,-0.00000999,SourceCapacity,SourceCapacity_PowerLawStudentPriorCorrect,Logistic
10.00000000,0.80000000,0.00000000,-0.00000999,SourceCapacity,SourceCapacity_PowerLawStudentPriorCorrect,Logistic
0.50000000,0.25000000,0.00000000,0.04553066,VanillaGaussian,VanillaGaussian,Logistic
0.50000000,0.50000000,0.00000000,0.04293277,VanillaGaussian,VanillaGaussian,Logistic
2.00000000,0.25000000,0.00000000,0.01440730,VanillaGaussian,VanillaGaussian,Logistic
2.00000000,0.50000000,0.00000000,0.00164785,VanillaGaussian,VanillaGaussian,Logistic
2.00000000,0.00000000,0.00000000,0.00192180,SourceCapacity,SourceCapacity_PowerLawStudentPrior,Logistic
2.00000000,0.25000000,0.00000000,0.01033619,SourceCapacity,SourceCapacity_PowerLawStudentPrior,Logistic
0.50000000,0.50000000,0.00000000,0.00687895,SourceCapacity,SourceCapacity_PowerLawStudentPrior,Logistic
0.50000000,0.25000000,0.00000000,0.05765071,SourceCapacity,SourceCapacity_IDStudentPrior,Logistic
2.00000000,0.00000000,0.00000000,0.05805915,SourceCapacity,SourceCapacity_IDStudentPrior,Logistic
0.50000000,0.50000000,0.00000000,0.06014590,SourceCapacity,SourceCapacity_IDStudentPrior,Logistic
2.00000000,0.25000000,0.00000000,0.05980892,SourceCapacity,SourceCapacity_IDStudentPrior,Logistic
2.00000000,0.50000000,0.00000000,0.05831214,SourceCapacity,SourceCapacity_IDStudentPrior,Logistic
0.50000000,0.00000000,0.00000000,0.05462201,SourceCapacity,SourceCapacity_IDStudentPriorFirstFeatureSigmaDelta,Logistic
0.50000000,0.00000000,0.00000000,0.05462201,SourceCapacity,SourceCapacity_IDStudentPriorStrongFirstFeatureSigmaDelta,Logistic
0.50000000,0.60000000,0.00000000,0.09247622,SourceCapacity,SourceCapacity_IDStudentPriorStrongFirstFeatureSigmaDelta,Logistic
0.50000000,0.20000000,0.00000000,0.26534616,SourceCapacity,SourceCapacity_IDStudentPriorStrongFirstFeatureSigmaDelta,Logistic
2.00000000,0.00000000,0.00000000,0.05805915,SourceCapacity,SourceCapacity_IDStudentPriorFirstFeatureSigmaDelta,Logistic
0.50000000,0.60000000,0.00000000,0.06291869,SourceCapacity,SourceCapacity_IDStudentPriorFirstFeatureSigmaDelta,Logistic
2.00000000,0.00000000,0.00000000,0.05805915,SourceCapacity,SourceCapacity_IDStudentPriorStrongFirstFeatureSigmaDelta,Logistic
2.00000000,0.40000000,0.00000000,0.26157150,SourceCapacity,SourceCapacity_IDStudentPriorStrongFirstFeatureSigmaDelta,Logistic
2.00000000,0.20000000,0.00000000,0.31550198,SourceCapacity,SourceCapacity_IDStudentPriorStrongFirstFeatureSigmaDelta,Logistic
0.50000000,0.20000000,0.00000000,0.05733405,SourceCapacity,SourceCapacity_IDStudentPriorFirstFeatureSigmaDelta,Logistic
0.50000000,0.40000000,0.00000000,0.06003547,SourceCapacity,SourceCapacity_IDStudentPriorFirstFeatureSigmaDelta,Logistic
2.00000000,0.60000000,0.00000000,0.06507030,SourceCapacity,SourceCapacity_IDStudentPriorFirstFeatureSigmaDelta,Logistic
2.00000000,0.40000000,0.00000000,0.06266368,SourceCapacity,SourceCapacity_IDStudentPriorFirstFeatureSigmaDelta,Logistic
2.00000000,0.20000000,0.00000000,0.06029720,SourceCapacity,SourceCapacity_IDStudentPriorFirstFeatureSigmaDelta,Logistic
10.00000000,0.20000000,0.00000000,0.31701014,SourceCapacity,SourceCapacity_IDStudentPriorStrongFirstFeatureSigmaDelta,Logistic
10.00000000,0.20000000,0.00000000,0.03140185,SourceCapacity,SourceCapacity_IDStudentPriorFirstFeatureSigmaDelta,Logistic
1.39460000,0.00000000,0.00000000,0.02404163,VanillaGaussian,VanillaGaussian,Logistic
1.94490000,0.00000000,0.00000000,0.01682878,VanillaGaussian,VanillaGaussian,Logistic
2.71230000,0.00000000,0.00000000,0.01080261,VanillaGaussian,VanillaGaussian,Logistic
1.39460000,0.10000000,0.00000000,0.02459124,VanillaGaussian,VanillaGaussian,Logistic
1.39460000,0.20000000,0.00000000,0.02407856,VanillaGaussian,VanillaGaussian,Logistic
1.94490000,0.10000000,0.00000000,0.01720430,VanillaGaussian,VanillaGaussian,Logistic
1.94490000,0.20000000,0.00000000,0.01621625,VanillaGaussian,VanillaGaussian,Logistic
2.71230000,0.10000000,0.00000000,0.01095039,VanillaGaussian,VanillaGaussian,Logistic
2.71230000,0.20000000,0.00000000,0.00938899,VanillaGaussian,VanillaGaussian,Logistic
5.27500000,0.00000000,0.00000000,0.00360651,VanillaGaussian,VanillaGaussian,Logistic
3.78250000,0.10000000,0.00000000,0.00632267,VanillaGaussian,VanillaGaussian,Logistic
3.78250000,0.20000000,0.00000000,0.00416244,VanillaGaussian,VanillaGaussian,Logistic
7.35640000,0.10000000,0.00000000,0.00137092,VanillaGaussian,VanillaGaussian,Logistic
3.78250000,0.00000000,0.00000000,0.00642429,VanillaGaussian,VanillaGaussian,Logistic
7.35640000,0.00000000,0.00000000,0.00194897,VanillaGaussian,VanillaGaussian,Logistic
1.29150000,0.00000000,0.00000000,0.02578513,VanillaGaussian,VanillaGaussian,Logistic
1.66810000,0.00000000,0.00000000,0.02005866,VanillaGaussian,VanillaGaussian,Logistic
2.15440000,0.00000000,0.00000000,0.01481612,VanillaGaussian,VanillaGaussian,Logistic
2.78260000,0.00000000,0.00000000,0.01040525,VanillaGaussian,VanillaGaussian,Logistic
1.66810000,0.10000000,0.00000000,0.02052300,VanillaGaussian,VanillaGaussian,Logistic
1.29150000,0.10000000,0.00000000,0.02636556,VanillaGaussian,VanillaGaussian,Logistic
3.59380000,0.00000000,0.00000000,0.00698889,VanillaGaussian,VanillaGaussian,Logistic
1.29150000,0.20000000,0.00000000,0.02594509,VanillaGaussian,VanillaGaussian,Logistic
1.66810000,0.20000000,0.00000000,0.01976857,VanillaGaussian,VanillaGaussian,Logistic
2.15440000,0.10000000,0.00000000,0.01512579,VanillaGaussian,VanillaGaussian,Logistic
2.15440000,0.20000000,0.00000000,0.01396949,VanillaGaussian,VanillaGaussian,Logistic
4.64160000,0.00000000,0.00000000,0.00452797,VanillaGaussian,VanillaGaussian,Logistic
2.78260000,0.10000000,0.00000000,0.01053419,VanillaGaussian,VanillaGaussian,Logistic
2.78260000,0.20000000,0.00000000,0.00892559,VanillaGaussian,VanillaGaussian,Logistic
3.59380000,0.10000000,0.00000000,0.00692592,VanillaGaussian,VanillaGaussian,Logistic
5.99480000,0.00000000,0.00000000,0.00285655,VanillaGaussian,VanillaGaussian,Logistic
3.59380000,0.20000000,0.00000000,0.00485220,VanillaGaussian,VanillaGaussian,Logistic
4.64160000,0.10000000,0.00000000,0.00427229,VanillaGaussian,VanillaGaussian,Logistic
7.74260000,0.00000000,0.00000000,0.00176879,VanillaGaussian,VanillaGaussian,Logistic
5.99480000,0.10000000,0.00000000,0.00241520,VanillaGaussian,VanillaGaussian,Logistic
4.64160000,0.20000000,0.00000000,0.00184107,VanillaGaussian,VanillaGaussian,Logistic
7.74260000,0.10000000,0.00000000,0.00115968,VanillaGaussian,VanillaGaussian,Logistic
10.00000000,0.10000000,0.00000000,0.00035695,VanillaGaussian,VanillaGaussian,Logistic
5.99480000,0.20000000,0.00000000,0.00001001,VanillaGaussian,VanillaGaussian,Logistic
0.31620000,0.00000000,0.00000000,0.05063911,VanillaGaussian,VanillaGaussian,Logistic
0.44100000,0.00000000,0.00000000,0.04657542,VanillaGaussian,VanillaGaussian,Logistic
0.31620000,0.10000000,0.00000000,0.05108473,VanillaGaussian,VanillaGaussian,Logistic
0.31620000,0.20000000,0.00000000,0.05137438,VanillaGaussian,VanillaGaussian,Logistic
0.44100000,0.10000000,0.00000000,0.04718438,VanillaGaussian,VanillaGaussian,Logistic
0.61500000,0.00000000,0.00000000,0.04135849,VanillaGaussian,VanillaGaussian,Logistic
0.85770000,0.00000000,0.00000000,0.03487635,VanillaGaussian,VanillaGaussian,Logistic
0.44100000,0.20000000,0.00000000,0.04743145,VanillaGaussian,VanillaGaussian,Logistic
0.61500000,0.10000000,0.00000000,0.04200506,VanillaGaussian,VanillaGaussian,Logistic
0.61500000,0.20000000,0.00000000,0.04215188,VanillaGaussian,VanillaGaussian,Logistic
1.19610000,0.00000000,0.00000000,0.02753038,VanillaGaussian,VanillaGaussian,Logistic
0.85770000,0.10000000,0.00000000,0.03554265,VanillaGaussian,VanillaGaussian,Logistic
0.85770000,0.20000000,0.00000000,0.03550663,VanillaGaussian,VanillaGaussian,Logistic
1.19610000,0.10000000,0.00000000,0.02813718,VanillaGaussian,VanillaGaussian,Logistic
1.19610000,0.20000000,0.00000000,0.02780382,VanillaGaussian,VanillaGaussian,Logistic
2.32630000,0.00000000,0.00000000,0.01339385,VanillaGaussian,VanillaGaussian,Logistic
3.24420000,0.00000000,0.00000000,0.00823492,VanillaGaussian,VanillaGaussian,Logistic
2.32630000,0.10000000,0.00000000,0.01365138,VanillaGaussian,VanillaGaussian,Logistic
2.32630000,0.20000000,0.00000000,0.01236407,VanillaGaussian,VanillaGaussian,Logistic
3.24420000,0.10000000,0.00000000,0.00824923,VanillaGaussian,VanillaGaussian,Logistic
4.52430000,0.00000000,0.00000000,0.00473541,VanillaGaussian,VanillaGaussian,Logistic
6.30960000,0.00000000,0.00000000,0.00259859,VanillaGaussian,VanillaGaussian,Logistic
3.24420000,0.20000000,0.00000000,0.00635821,VanillaGaussian,VanillaGaussian,Logistic
4.52430000,0.10000000,0.00000000,0.00449869,VanillaGaussian,VanillaGaussian,Logistic
4.52430000,0.20000000,0.00000000,0.00209206,VanillaGaussian,VanillaGaussian,Logistic
6.30960000,0.10000000,0.00000000,0.00212174,VanillaGaussian,VanillaGaussian,Logistic
6.30960000,0.20000000,0.00000000,0.00001001,VanillaGaussian,VanillaGaussian,Logistic
0.50000000,0.50000000,0.00000000,0.35504540,VanillaGaussian,VanillaGaussian,Ridge
0.50120000,0.00000000,0.00000000,0.60104858,KFeaturesModel,KFeaturesModel_TwoStrongFeatures,Logistic
0.50120000,0.20000000,0.00000000,0.58436249,KFeaturesModel,KFeaturesModel_TwoStrongFeatures,Logistic
0.50120000,0.40000000,0.00000000,0.56552874,KFeaturesModel,KFeaturesModel_TwoStrongFeatures,Logistic
0.50120000,0.60000000,0.00000000,0.54457928,KFeaturesModel,KFeaturesModel_TwoStrongFeatures,Logistic
2.23870000,0.00000000,0.00000000,0.14277043,KFeaturesModel,KFeaturesModel_TwoStrongFeatures,Logistic
2.23870000,0.20000000,0.00000000,0.13696612,KFeaturesModel,KFeaturesModel_TwoStrongFeatures,Logistic
2.23870000,0.40000000,0.00000000,0.12659681,KFeaturesModel,KFeaturesModel_TwoStrongFeatures,Logistic
2.23870000,0.60000000,0.00000000,0.11123373,KFeaturesModel,KFeaturesModel_TwoStrongFeatures,Logistic
10.00000000,0.00000000,0.00000000,0.01966078,KFeaturesModel,KFeaturesModel_TwoStrongFeatures,Logistic
10.00000000,0.20000000,0.00000000,0.01695907,KFeaturesModel,KFeaturesModel_TwoStrongFeatures,Logistic
10.00000000,0.00000000,0.00000000,0.57187392,VanillaGaussian,VanillaGaussian,Ridge
0.50000000,0.20000000,0.00000000,0.48473571,VanillaGaussian,VanillaGaussian,Ridge
5.25000000,0.00000000,0.00000000,0.57304217,VanillaGaussian,VanillaGaussian,Ridge
0.50000000,0.00000000,0.00000000,0.57320774,VanillaGaussian,VanillaGaussian,Ridge
0.50000000,0.40000000,0.00000000,0.39817174,VanillaGaussian,VanillaGaussian,Ridge
5.25000000,0.20000000,0.00000000,0.06183018,VanillaGaussian,VanillaGaussian,Ridge
0.50000000,0.60000000,0.00000000,0.31200552,VanillaGaussian,VanillaGaussian,Ridge
10.00000000,0.20000000,0.00000000,-0.00099999,VanillaGaussian,VanillaGaussian,Ridge
5.25000000,0.40000000,0.00000000,-0.00099999,VanillaGaussian,VanillaGaussian,Ridge
10.00000000,0.40000000,0.00000000,-0.00099999,VanillaGaussian,VanillaGaussian,Ridge
5.25000000,0.60000000,0.00000000,-0.00099999,VanillaGaussian,VanillaGaussian,Ridge
10.00000000,0.60000000,0.00000000,-0.00099999,VanillaGaussian,VanillaGaussian,Ridge
50.00000000,0.00000000,0.00000000,0.57117033,VanillaGaussian,VanillaGaussian,Ridge
100.00000000,0.00000000,0.00000000,0.57091444,VanillaGaussian,VanillaGaussian,Ridge
100.00000000,0.20000000,0.00000000,-0.00099999,VanillaGaussian,VanillaGaussian,Ridge
50.00000000,0.20000000,0.00000000,-0.00099999,VanillaGaussian,VanillaGaussian,Ridge
50.00000000,0.40000000,0.00000000,-0.00099999,VanillaGaussian,VanillaGaussian,Ridge
100.00000000,0.40000000,0.00000000,-0.00099999,VanillaGaussian,VanillaGaussian,Ridge
50.00000000,0.60000000,0.00000000,-0.00099999,VanillaGaussian,VanillaGaussian,Ridge
100.00000000,0.60000000,0.00000000,-0.00099999,VanillaGaussian,VanillaGaussian,Ridge
50.00000000,0.60000000,0.00000000,-0.00099999,VanillaGaussian,VanillaGaussian,Logistic
100.00000000,0.60000000,0.00000000,-0.00099999,VanillaGaussian,VanillaGaussian,Logistic
50.00000000,0.40000000,0.00000000,-0.00099999,VanillaGaussian,VanillaGaussian,Logistic
50.00000000,0.20000000,0.00000000,-0.00099999,VanillaGaussian,VanillaGaussian,Logistic
100.00000000,0.20000000,0.00000000,-0.00099999,VanillaGaussian,VanillaGaussian,Logistic
0.15850000,0.00000000,0.00000000,0.05575388,VanillaGaussian,VanillaGaussian,Logistic
0.15850000,0.20000000,0.00000000,55.85294191,VanillaGaussian,VanillaGaussian,Logistic
0.15850000,0.40000000,0.00000000,0.05646021,VanillaGaussian,VanillaGaussian,Logistic
0.15850000,0.60000000,0.00000000,0.05588890,VanillaGaussian,VanillaGaussian,Logistic
0.24120000,0.00000000,0.00000000,0.26449369,KFeaturesModel,KFeaturesModel_TwoFeatures_ProtectingSecondHalf_AttackingSecondHalf_[0.5 0.5]_[10  1]_[1 1]_SD_1_10_SU_1_10,Logistic
0.17430000,0.00000000,0.00000000,0.28360911,KFeaturesModel,KFeaturesModel_TwoFeatures_ProtectingSecondHalf_AttackingSecondHalf_[0.5 0.5]_[10  1]_[1 1]_SD_1_10_SU_1_10,Logistic
0.12590000,0.00000000,0.00000000,0.29820014,KFeaturesModel,KFeaturesModel_TwoFeatures_ProtectingSecondHalf_AttackingSecondHalf_[0.5 0.5]_[10  1]_[1 1]_SD_1_10_SU_1_10,Logistic
0.17430000,0.20000000,0.00000000,0.33915620,KFeaturesModel,KFeaturesModel_TwoFeatures_ProtectingSecondHalf_AttackingSecondHalf_[0.5 0.5]_[10  1]_[1 1]_SD_1_10_SU_1_10,Logistic
0.12590000,0.20000000,0.00000000,0.34838247,KFeaturesModel,KFeaturesModel_TwoFeatures_ProtectingSecondHalf_AttackingSecondHalf_[0.5 0.5]_[10  1]_[1 1]_SD_1_10_SU_1_10,Logistic
0.33380000,0.00000000,0.00000000,0.23955655,KFeaturesModel,KFeaturesModel_TwoFeatures_ProtectingSecondHalf_AttackingSecondHalf_[0.5 0.5]_[10  1]_[1 1]_SD_1_10_SU_1_10,Logistic
0.24120000,0.20000000,0.00000000,0.32456065,KFeaturesModel,KFeaturesModel_TwoFeatures_ProtectingSecondHalf_AttackingSecondHalf_[0.5 0.5]_[10  1]_[1 1]_SD_1_10_SU_1_10,Logistic
0.24120000,0.60000000,0.00000000,0.36092603,KFeaturesModel,KFeaturesModel_TwoFeatures_ProtectingSecondHalf_AttackingSecondHalf_[0.5 0.5]_[10  1]_[1 1]_SD_1_10_SU_1_10,Logistic
0.33380000,0.20000000,0.00000000,0.30336301,KFeaturesModel,KFeaturesModel_TwoFeatures_ProtectingSecondHalf_AttackingSecondHalf_[0.5 0.5]_[10  1]_[1 1]_SD_1_10_SU_1_10,Logistic
0.46210000,0.00000000,0.00000000,0.20901291,KFeaturesModel,KFeaturesModel_TwoFeatures_ProtectingSecondHalf_AttackingSecondHalf_[0.5 0.5]_[10  1]_[1 1]_SD_1_10_SU_1_10,Logistic
0.33380000,0.60000000,0.00000000,0.33578278,KFeaturesModel,KFeaturesModel_TwoFeatures_ProtectingSecondHalf_AttackingSecondHalf_[0.5 0.5]_[10  1]_[1 1]_SD_1_10_SU_1_10,Logistic
0.46210000,0.20000000,0.00000000,0.27502244,KFeaturesModel,KFeaturesModel_TwoFeatures_ProtectingSecondHalf_AttackingSecondHalf_[0.5 0.5]_[10  1]_[1 1]_SD_1_10_SU_1_10,Logistic
0.24120000,0.00000000,0.00000000,0.26449369,KFeaturesModel,KFeaturesModel_TwoFeatures_ProtectingIdentity_AttackingSecondHalf_[0.5 0.5]_[10  1]_[1 1],Logistic
0.17430000,0.00000000,0.00000000,0.28360911,KFeaturesModel,KFeaturesModel_TwoFeatures_ProtectingIdentity_AttackingSecondHalf_[0.5 0.5]_[10  1]_[1 1],Logistic
0.12590000,0.00000000,0.00000000,0.29820014,KFeaturesModel,KFeaturesModel_TwoFeatures_ProtectingIdentity_AttackingSecondHalf_[0.5 0.5]_[10  1]_[1 1],Logistic
0.46210000,0.60000000,0.00000000,0.30199132,KFeaturesModel,KFeaturesModel_TwoFeatures_ProtectingSecondHalf_AttackingSecondHalf_[0.5 0.5]_[10  1]_[1 1]_SD_1_10_SU_1_10,Logistic
0.63960000,0.00000000,0.00000000,0.17407946,KFeaturesModel,KFeaturesModel_TwoFeatures_ProtectingSecondHalf_AttackingSecondHalf_[0.5 0.5]_[10  1]_[1 1]_SD_1_10_SU_1_10,Logistic
0.12590000,0.20000000,0.00000000,0.29916107,KFeaturesModel,KFeaturesModel_TwoFeatures_ProtectingIdentity_AttackingSecondHalf_[0.5 0.5]_[10  1]_[1 1],Logistic
0.12590000,0.40000000,0.00000000,0.30038057,KFeaturesModel,KFeaturesModel_TwoFeatures_ProtectingIdentity_AttackingSecondHalf_[0.5 0.5]_[10  1]_[1 1],Logistic
0.12590000,0.60000000,0.00000000,0.30136098,KFeaturesModel,KFeaturesModel_TwoFeatures_ProtectingIdentity_AttackingSecondHalf_[0.5 0.5]_[10  1]_[1 1],Logistic
0.17430000,0.60000000,0.00000000,0.28774020,KFeaturesModel,KFeaturesModel_TwoFeatures_ProtectingIdentity_AttackingSecondHalf_[0.5 0.5]_[10  1]_[1 1],Logistic
0.17430000,0.40000000,0.00000000,0.28688095,KFeaturesModel,KFeaturesModel_TwoFeatures_ProtectingIdentity_AttackingSecondHalf_[0.5 0.5]_[10  1]_[1 1],Logistic
0.17430000,0.20000000,0.00000000,0.28534701,KFeaturesModel,KFeaturesModel_TwoFeatures_ProtectingIdentity_AttackingSecondHalf_[0.5 0.5]_[10  1]_[1 1],Logistic
0.24120000,0.40000000,0.00000000,0.26827277,KFeaturesModel,KFeaturesModel_TwoFeatures_ProtectingIdentity_AttackingSecondHalf_[0.5 0.5]_[10  1]_[1 1],Logistic
0.33380000,0.00000000,0.00000000,0.23955655,KFeaturesModel,KFeaturesModel_TwoFeatures_ProtectingIdentity_AttackingSecondHalf_[0.5 0.5]_[10  1]_[1 1],Logistic
0.24120000,0.20000000,0.00000000,0.26669191,KFeaturesModel,KFeaturesModel_TwoFeatures_ProtectingIdentity_AttackingSecondHalf_[0.5 0.5]_[10  1]_[1 1],Logistic
0.24120000,0.60000000,0.00000000,0.26903566,KFeaturesModel,KFeaturesModel_TwoFeatures_ProtectingIdentity_AttackingSecondHalf_[0.5 0.5]_[10  1]_[1 1],Logistic
0.46210000,0.00000000,0.00000000,0.20901291,KFeaturesModel,KFeaturesModel_TwoFeatures_ProtectingIdentity_AttackingSecondHalf_[0.5 0.5]_[10  1]_[1 1],Logistic
0.33380000,0.40000000,0.00000000,0.24378347,KFeaturesModel,KFeaturesModel_TwoFeatures_ProtectingIdentity_AttackingSecondHalf_[0.5 0.5]_[10  1]_[1 1],Logistic
0.63960000,0.20000000,0.00000000,0.24021047,KFeaturesModel,KFeaturesModel_TwoFeatures_ProtectingSecondHalf_AttackingSecondHalf_[0.5 0.5]_[10  1]_[1 1]_SD_1_10_SU_1_10,Logistic
0.46210000,0.20000000,0.00000000,0.21180038,KFeaturesModel,KFeaturesModel_TwoFeatures_ProtectingIdentity_AttackingSecondHalf_[0.5 0.5]_[10  1]_[1 1],Logistic
0.33380000,0.20000000,0.00000000,0.24221695,KFeaturesModel,KFeaturesModel_TwoFeatures_ProtectingIdentity_AttackingSecondHalf_[0.5 0.5]_[10  1]_[1 1],Logistic
0.33380000,0.60000000,0.00000000,0.24417457,KFeaturesModel,KFeaturesModel_TwoFeatures_ProtectingIdentity_AttackingSecondHalf_[0.5 0.5]_[10  1]_[1 1],Logistic
0.63960000,0.00000000,0.00000000,0.17407946,KFeaturesModel,KFeaturesModel_TwoFeatures_ProtectingIdentity_AttackingSecondHalf_[0.5 0.5]_[10  1]_[1 1],Logistic
0.46210000,0.40000000,0.00000000,0.21318702,KFeaturesModel,KFeaturesModel_TwoFeatures_ProtectingIdentity_AttackingSecondHalf_[0.5 0.5]_[10  1]_[1 1],Logistic
0.46210000,0.60000000,0.00000000,0.21292861,KFeaturesModel,KFeaturesModel_TwoFeatures_ProtectingIdentity_AttackingSecondHalf_[0.5 0.5]_[10  1]_[1 1],Logistic
0.63960000,0.20000000,0.00000000,0.17692839,KFeaturesModel,KFeaturesModel_TwoFeatures_ProtectingIdentity_AttackingSecondHalf_[0.5 0.5]_[10  1]_[1 1],Logistic
0.88520000,0.00000000,0.00000000,0.13787164,KFeaturesModel,KFeaturesModel_TwoFeatures_ProtectingIdentity_AttackingSecondHalf_[0.5 0.5]_[10  1]_[1 1],Logistic
0.63960000,0.60000000,0.00000000,0.25984354,KFeaturesModel,KFeaturesModel_TwoFeatures_ProtectingSecondHalf_AttackingSecondHalf_[0.5 0.5]_[10  1]_[1 1]_SD_1_10_SU_1_10,Logistic
0.63960000,0.40000000,0.00000000,0.17785853,KFeaturesModel,KFeaturesModel_TwoFeatures_ProtectingIdentity_AttackingSecondHalf_[0.5 0.5]_[10  1]_[1 1],Logistic
0.63960000,0.60000000,0.00000000,0.17655209,KFeaturesModel,KFeaturesModel_TwoFeatures_ProtectingIdentity_AttackingSecondHalf_[0.5 0.5]_[10  1]_[1 1],Logistic
0.88520000,0.20000000,0.00000000,0.14054660,KFeaturesModel,KFeaturesModel_TwoFeatures_ProtectingIdentity_AttackingSecondHalf_[0.5 0.5]_[10  1]_[1 1],Logistic
0.88520000,0.40000000,0.00000000,0.14073776,KFeaturesModel,KFeaturesModel_TwoFeatures_ProtectingIdentity_AttackingSecondHalf_[0.5 0.5]_[10  1]_[1 1],Logistic
1.22530000,0.00000000,0.00000000,0.10399209,KFeaturesModel,KFeaturesModel_TwoFeatures_ProtectingIdentity_AttackingSecondHalf_[0.5 0.5]_[10  1]_[1 1],Logistic
0.88520000,0.60000000,0.00000000,0.13790094,KFeaturesModel,KFeaturesModel_TwoFeatures_ProtectingIdentity_AttackingSecondHalf_[0.5 0.5]_[10  1]_[1 1],Logistic
0.24120000,0.00000000,0.00000000,0.26449369,KFeaturesModel,KFeaturesModel_TwoFeatures_ProtectingIdentity_AttackingFirstHalf_[0.5 0.5]_[10  1]_[1 1],Logistic
0.17430000,0.00000000,0.00000000,0.28360911,KFeaturesModel,KFeaturesModel_TwoFeatures_ProtectingIdentity_AttackingFirstHalf_[0.5 0.5]_[10  1]_[1 1],Logistic
0.12590000,0.00000000,0.00000000,0.29820014,KFeaturesModel,KFeaturesModel_TwoFeatures_ProtectingIdentity_AttackingFirstHalf_[0.5 0.5]_[10  1]_[1 1],Logistic
0.88520000,0.00000000,0.00000000,0.13787164,KFeaturesModel,KFeaturesModel_TwoFeatures_ProtectingSecondHalf_AttackingSecondHalf_[0.5 0.5]_[10  1]_[1 1]_SD_1_10_SU_1_10,Logistic
1.22530000,0.20000000,0.00000000,0.10632511,KFeaturesModel,KFeaturesModel_TwoFeatures_ProtectingIdentity_AttackingSecondHalf_[0.5 0.5]_[10  1]_[1 1],Logistic
0.12590000,0.20000000,0.00000000,0.29916107,KFeaturesModel,KFeaturesModel_TwoFeatures_ProtectingIdentity_AttackingFirstHalf_[0.5 0.5]_[10  1]_[1 1],Logistic
0.12590000,0.60000000,0.00000000,0.30136098,KFeaturesModel,KFeaturesModel_TwoFeatures_ProtectingIdentity_AttackingFirstHalf_[0.5 0.5]_[10  1]_[1 1],Logistic
0.17430000,0.60000000,0.00000000,0.28774020,KFeaturesModel,KFeaturesModel_TwoFeatures_ProtectingIdentity_AttackingFirstHalf_[0.5 0.5]_[10  1]_[1 1],Logistic
0.12590000,0.40000000,0.00000000,0.30038057,KFeaturesModel,KFeaturesModel_TwoFeatures_ProtectingIdentity_AttackingFirstHalf_[0.5 0.5]_[10  1]_[1 1],Logistic
0.17430000,0.40000000,0.00000000,0.28688095,KFeaturesModel,KFeaturesModel_TwoFeatures_ProtectingIdentity_AttackingFirstHalf_[0.5 0.5]_[10  1]_[1 1],Logistic
0.17430000,0.20000000,0.00000000,0.28534701,KFeaturesModel,KFeaturesModel_TwoFeatures_ProtectingIdentity_AttackingFirstHalf_[0.5 0.5]_[10  1]_[1 1],Logistic
1.22530000,0.40000000,0.00000000,0.10546069,KFeaturesModel,KFeaturesModel_TwoFeatures_ProtectingIdentity_AttackingSecondHalf_[0.5 0.5]_[10  1]_[1 1],Logistic
0.24120000,0.40000000,0.00000000,0.26827277,KFeaturesModel,KFeaturesModel_TwoFeatures_ProtectingIdentity_AttackingFirstHalf_[0.5 0.5]_[10  1]_[1 1],Logistic
0.33380000,0.00000000,0.00000000,0.23955655,KFeaturesModel,KFeaturesModel_TwoFeatures_ProtectingIdentity_AttackingFirstHalf_[0.5 0.5]_[10  1]_[1 1],Logistic
0.24120000,0.20000000,0.00000000,0.26669191,KFeaturesModel,KFeaturesModel_TwoFeatures_ProtectingIdentity_AttackingFirstHalf_[0.5 0.5]_[10  1]_[1 1],Logistic
0.46210000,0.00000000,0.00000000,0.20901291,KFeaturesModel,KFeaturesModel_TwoFeatures_ProtectingIdentity_AttackingFirstHalf_[0.5 0.5]_[10  1]_[1 1],Logistic
0.24120000,0.60000000,0.00000000,0.26903566,KFeaturesModel,KFeaturesModel_TwoFeatures_ProtectingIdentity_AttackingFirstHalf_[0.5 0.5]_[10  1]_[1 1],Logistic
2.34740000,0.00000000,0.00000000,0.05204115,KFeaturesModel,KFeaturesModel_TwoFeatures_ProtectingIdentity_AttackingSecondHalf_[0.5 0.5]_[10  1]_[1 1],Logistic
0.33380000,0.40000000,0.00000000,0.24378347,KFeaturesModel,KFeaturesModel_TwoFeatures_ProtectingIdentity_AttackingFirstHalf_[0.5 0.5]_[10  1]_[1 1],Logistic
0.33380000,0.20000000,0.00000000,0.24221695,KFeaturesModel,KFeaturesModel_TwoFeatures_ProtectingIdentity_AttackingFirstHalf_[0.5 0.5]_[10  1]_[1 1],Logistic
0.46210000,0.20000000,0.00000000,0.21180038,KFeaturesModel,KFeaturesModel_TwoFeatures_ProtectingIdentity_AttackingFirstHalf_[0.5 0.5]_[10  1]_[1 1],Logistic
0.88520000,0.20000000,0.00000000,0.20067102,KFeaturesModel,KFeaturesModel_TwoFeatures_ProtectingSecondHalf_AttackingSecondHalf_[0.5 0.5]_[10  1]_[1 1]_SD_1_10_SU_1_10,Logistic
1.69590000,0.20000000,0.00000000,0.07697356,KFeaturesModel,KFeaturesModel_TwoFeatures_ProtectingIdentity_AttackingSecondHalf_[0.5 0.5]_[10  1]_[1 1],Logistic
0.24120000,0.00000000,0.00000000,0.26449369,KFeaturesModel,KFeaturesModel_TwoFeatures_ProtectingIdentity_AttackingIdentity_[0.5 0.5]_[10  1]_[1 1],Logistic
0.17430000,0.00000000,0.00000000,0.28360911,KFeaturesModel,KFeaturesModel_TwoFeatures_ProtectingIdentity_AttackingIdentity_[0.5 0.5]_[10  1]_[1 1],Logistic
0.12590000,0.00000000,0.00000000,0.29820014,KFeaturesModel,KFeaturesModel_TwoFeatures_ProtectingIdentity_AttackingIdentity_[0.5 0.5]_[10  1]_[1 1],Logistic
0.33380000,0.60000000,0.00000000,0.24417457,KFeaturesModel,KFeaturesModel_TwoFeatures_ProtectingIdentity_AttackingFirstHalf_[0.5 0.5]_[10  1]_[1 1],Logistic
0.63960000,0.00000000,0.00000000,0.17407946,KFeaturesModel,KFeaturesModel_TwoFeatures_ProtectingIdentity_AttackingFirstHalf_[0.5 0.5]_[10  1]_[1 1],Logistic
1.69590000,0.40000000,0.00000000,0.07476319,KFeaturesModel,KFeaturesModel_TwoFeatures_ProtectingIdentity_AttackingSecondHalf_[0.5 0.5]_[10  1]_[1 1],Logistic
0.12590000,0.40000000,0.00000000,0.30038057,KFeaturesModel,KFeaturesModel_TwoFeatures_ProtectingIdentity_AttackingIdentity_[0.5 0.5]_[10  1]_[1 1],Logistic
0.12590000,0.20000000,0.00000000,0.29916107,KFeaturesModel,KFeaturesModel_TwoFeatures_ProtectingIdentity_AttackingIdentity_[0.5 0.5]_[10  1]_[1 1],Logistic
0.17430000,0.40000000,0.00000000,0.28688095,KFeaturesModel,KFeaturesModel_TwoFeatures_ProtectingIdentity_AttackingIdentity_[0.5 0.5]_[10  1]_[1 1],Logistic
0.46210000,0.40000000,0.00000000,0.21318702,KFeaturesModel,KFeaturesModel_TwoFeatures_ProtectingIdentity_AttackingFirstHalf_[0.5 0.5]_[10  1]_[1 1],Logistic
1.22530000,0.60000000,0.00000000,0.10057132,KFeaturesModel,KFeaturesModel_TwoFeatures_ProtectingIdentity_AttackingSecondHalf_[0.5 0.5]_[10  1]_[1 1],Logistic
0.12590000,0.60000000,0.00000000,0.30136098,KFeaturesModel,KFeaturesModel_TwoFeatures_ProtectingIdentity_AttackingIdentity_[0.5 0.5]_[10  1]_[1 1],Logistic
0.17430000,0.20000000,0.00000000,0.28534701,KFeaturesModel,KFeaturesModel_TwoFeatures_ProtectingIdentity_AttackingIdentity_[0.5 0.5]_[10  1]_[1 1],Logistic
0.17430000,0.60000000,0.00000000,0.28774020,KFeaturesModel,KFeaturesModel_TwoFeatures_ProtectingIdentity_AttackingIdentity_[0.5 0.5]_[10  1]_[1 1],Logistic
0.46210000,0.60000000,0.00000000,0.21292861,KFeaturesModel,KFeaturesModel_TwoFeatures_ProtectingIdentity_AttackingFirstHalf_[0.5 0.5]_[10  1]_[1 1],Logistic
1.69590000,0.60000000,0.00000000,0.06724468,KFeaturesModel,KFeaturesModel_TwoFeatures_ProtectingIdentity_AttackingSecondHalf_[0.5 0.5]_[10  1]_[1 1],Logistic
0.24120000,0.40000000,0.00000000,0.26827277,KFeaturesModel,KFeaturesModel_TwoFeatures_ProtectingIdentity_AttackingIdentity_[0.5 0.5]_[10  1]_[1 1],Logistic
0.24120000,0.20000000,0.00000000,0.26669191,KFeaturesModel,KFeaturesModel_TwoFeatures_ProtectingIdentity_AttackingIdentity_[0.5 0.5]_[10  1]_[1 1],Logistic
0.33380000,0.00000000,0.00000000,0.23955655,KFeaturesModel,KFeaturesModel_TwoFeatures_ProtectingIdentity_AttackingIdentity_[0.5 0.5]_[10  1]_[1 1],Logistic
0.24120000,0.60000000,0.00000000,0.26903566,KFeaturesModel,KFeaturesModel_TwoFeatures_ProtectingIdentity_AttackingIdentity_[0.5 0.5]_[10  1]_[1 1],Logistic
0.46210000,0.00000000,0.00000000,0.20901291,KFeaturesModel,KFeaturesModel_TwoFeatures_ProtectingIdentity_AttackingIdentity_[0.5 0.5]_[10  1]_[1 1],Logistic
0.63960000,0.20000000,0.00000000,0.17692839,KFeaturesModel,KFeaturesModel_TwoFeatures_ProtectingIdentity_AttackingFirstHalf_[0.5 0.5]_[10  1]_[1 1],Logistic
0.88520000,0.00000000,0.00000000,0.13787164,KFeaturesModel,KFeaturesModel_TwoFeatures_ProtectingIdentity_AttackingFirstHalf_[0.5 0.5]_[10  1]_[1 1],Logistic
0.33380000,0.40000000,0.00000000,0.24378347,KFeaturesModel,KFeaturesModel_TwoFeatures_ProtectingIdentity_AttackingIdentity_[0.5 0.5]_[10  1]_[1 1],Logistic
2.34740000,0.20000000,0.00000000,0.05332325,KFeaturesModel,KFeaturesModel_TwoFeatures_ProtectingIdentity_AttackingSecondHalf_[0.5 0.5]_[10  1]_[1 1],Logistic
0.46210000,0.20000000,0.00000000,0.21180038,KFeaturesModel,KFeaturesModel_TwoFeatures_ProtectingIdentity_AttackingIdentity_[0.5 0.5]_[10  1]_[1 1],Logistic
0.63960000,0.40000000,0.00000000,0.17785853,KFeaturesModel,KFeaturesModel_TwoFeatures_ProtectingIdentity_AttackingFirstHalf_[0.5 0.5]_[10  1]_[1 1],Logistic
0.33380000,0.20000000,0.00000000,0.24221695,KFeaturesModel,KFeaturesModel_TwoFeatures_ProtectingIdentity_AttackingIdentity_[0.5 0.5]_[10  1]_[1 1],Logistic
0.63960000,0.60000000,0.00000000,0.17655209,KFeaturesModel,KFeaturesModel_TwoFeatures_ProtectingIdentity_AttackingFirstHalf_[0.5 0.5]_[10  1]_[1 1],Logistic
0.33380000,0.60000000,0.00000000,0.24417457,KFeaturesModel,KFeaturesModel_TwoFeatures_ProtectingIdentity_AttackingIdentity_[0.5 0.5]_[10  1]_[1 1],Logistic
0.88520000,0.20000000,0.00000000,0.14054660,KFeaturesModel,KFeaturesModel_TwoFeatures_ProtectingIdentity_AttackingFirstHalf_[0.5 0.5]_[10  1]_[1 1],Logistic
0.63960000,0.00000000,0.00000000,0.17407946,KFeaturesModel,KFeaturesModel_TwoFeatures_ProtectingIdentity_AttackingIdentity_[0.5 0.5]_[10  1]_[1 1],Logistic
0.88520000,0.40000000,0.00000000,0.14073776,KFeaturesModel,KFeaturesModel_TwoFeatures_ProtectingIdentity_AttackingFirstHalf_[0.5 0.5]_[10  1]_[1 1],Logistic
1.22530000,0.00000000,0.00000000,0.10399209,KFeaturesModel,KFeaturesModel_TwoFeatures_ProtectingIdentity_AttackingFirstHalf_[0.5 0.5]_[10  1]_[1 1],Logistic
0.46210000,0.40000000,0.00000000,0.21318702,KFeaturesModel,KFeaturesModel_TwoFeatures_ProtectingIdentity_AttackingIdentity_[0.5 0.5]_[10  1]_[1 1],Logistic
0.46210000,0.60000000,0.00000000,0.21292861,KFeaturesModel,KFeaturesModel_TwoFeatures_ProtectingIdentity_AttackingIdentity_[0.5 0.5]_[10  1]_[1 1],Logistic
0.88520000,0.60000000,0.00000000,0.13790094,KFeaturesModel,KFeaturesModel_TwoFeatures_ProtectingIdentity_AttackingFirstHalf_[0.5 0.5]_[10  1]_[1 1],Logistic
2.34740000,0.40000000,0.00000000,0.04943540,KFeaturesModel,KFeaturesModel_TwoFeatures_ProtectingIdentity_AttackingSecondHalf_[0.5 0.5]_[10  1]_[1 1],Logistic
3.24910000,0.00000000,0.00000000,0.03446443,KFeaturesModel,KFeaturesModel_TwoFeatures_ProtectingIdentity_AttackingSecondHalf_[0.5 0.5]_[10  1]_[1 1],Logistic
0.63960000,0.20000000,0.00000000,0.17692839,KFeaturesModel,KFeaturesModel_TwoFeatures_ProtectingIdentity_AttackingIdentity_[0.5 0.5]_[10  1]_[1 1],Logistic
1.22530000,0.20000000,0.00000000,0.10632511,KFeaturesModel,KFeaturesModel_TwoFeatures_ProtectingIdentity_AttackingFirstHalf_[0.5 0.5]_[10  1]_[1 1],Logistic
0.88520000,0.00000000,0.00000000,0.13787164,KFeaturesModel,KFeaturesModel_TwoFeatures_ProtectingIdentity_AttackingIdentity_[0.5 0.5]_[10  1]_[1 1],Logistic
0.63960000,0.40000000,0.00000000,0.17785853,KFeaturesModel,KFeaturesModel_TwoFeatures_ProtectingIdentity_AttackingIdentity_[0.5 0.5]_[10  1]_[1 1],Logistic
0.63960000,0.60000000,0.00000000,0.17655209,KFeaturesModel,KFeaturesModel_TwoFeatures_ProtectingIdentity_AttackingIdentity_[0.5 0.5]_[10  1]_[1 1],Logistic
0.88520000,0.20000000,0.00000000,0.14054660,KFeaturesModel,KFeaturesModel_TwoFeatures_ProtectingIdentity_AttackingIdentity_[0.5 0.5]_[10  1]_[1 1],Logistic
0.17430000,0.00000000,0.00000000,0.05526696,VanillaGaussian,VanillaGaussian,Logistic
0.12590000,0.00000000,0.00000000,0.05718555,VanillaGaussian,VanillaGaussian,Logistic
1.22530000,0.40000000,0.00000000,0.10546069,KFeaturesModel,KFeaturesModel_TwoFeatures_ProtectingIdentity_AttackingFirstHalf_[0.5 0.5]_[10  1]_[1 1],Logistic
2.34740000,0.00000000,0.00000000,0.05203910,KFeaturesModel,KFeaturesModel_TwoFeatures_ProtectingIdentity_AttackingFirstHalf_[0.5 0.5]_[10  1]_[1 1],Logistic
0.88520000,0.40000000,0.00000000,0.14073776,KFeaturesModel,KFeaturesModel_TwoFeatures_ProtectingIdentity_AttackingIdentity_[0.5 0.5]_[10  1]_[1 1],Logistic
0.24120000,0.00000000,0.00000000,0.05320316,VanillaGaussian,VanillaGaussian,Logistic
1.22530000,0.00000000,0.00000000,0.10399209,KFeaturesModel,KFeaturesModel_TwoFeatures_ProtectingIdentity_AttackingIdentity_[0.5 0.5]_[10  1]_[1 1],Logistic
0.17430000,0.20000000,0.00000000,60.43319336,VanillaGaussian,VanillaGaussian,Logistic
0.12590000,0.20000000,0.00000000,47.36016611,VanillaGaussian,VanillaGaussian,Logistic
0.12590000,0.40000000,0.00000000,48.89195346,VanillaGaussian,VanillaGaussian,Logistic
0.88520000,0.60000000,0.00000000,0.13790094,KFeaturesModel,KFeaturesModel_TwoFeatures_ProtectingIdentity_AttackingIdentity_[0.5 0.5]_[10  1]_[1 1],Logistic
0.12590000,0.60000000,0.00000000,0.05718094,VanillaGaussian,VanillaGaussian,Logistic
0.17430000,0.60000000,0.00000000,0.05524177,VanillaGaussian,VanillaGaussian,Logistic
0.17430000,0.40000000,0.00000000,0.05593615,VanillaGaussian,VanillaGaussian,Logistic
0.33380000,0.00000000,0.00000000,0.05008813,VanillaGaussian,VanillaGaussian,Logistic
1.69590000,0.20000000,0.00000000,0.07697356,KFeaturesModel,KFeaturesModel_TwoFeatures_ProtectingIdentity_AttackingFirstHalf_[0.5 0.5]_[10  1]_[1 1],Logistic
1.22530000,0.20000000,0.00000000,0.10632511,KFeaturesModel,KFeaturesModel_TwoFeatures_ProtectingIdentity_AttackingIdentity_[0.5 0.5]_[10  1]_[1 1],Logistic
0.24120000,0.20000000,0.00000000,0.05375026,VanillaGaussian,VanillaGaussian,Logistic
0.24120000,0.60000000,0.00000000,0.05238930,VanillaGaussian,VanillaGaussian,Logistic
2.34740000,0.60000000,0.00000000,0.03869162,KFeaturesModel,KFeaturesModel_TwoFeatures_ProtectingIdentity_AttackingSecondHalf_[0.5 0.5]_[10  1]_[1 1],Logistic
0.24120000,0.40000000,0.00000000,0.05365206,VanillaGaussian,VanillaGaussian,Logistic
0.46210000,0.00000000,0.00000000,0.04592558,VanillaGaussian,VanillaGaussian,Logistic
1.22530000,0.40000000,0.00000000,0.10546069,KFeaturesModel,KFeaturesModel_TwoFeatures_ProtectingIdentity_AttackingIdentity_[0.5 0.5]_[10  1]_[1 1],Logistic
0.33380000,0.20000000,0.00000000,0.05081346,VanillaGaussian,VanillaGaussian,Logistic
1.69590000,0.40000000,0.00000000,0.07476319,KFeaturesModel,KFeaturesModel_TwoFeatures_ProtectingIdentity_AttackingFirstHalf_[0.5 0.5]_[10  1]_[1 1],Logistic
1.22530000,0.60000000,0.00000000,0.10057132,KFeaturesModel,KFeaturesModel_TwoFeatures_ProtectingIdentity_AttackingFirstHalf_[0.5 0.5]_[10  1]_[1 1],Logistic
0.33380000,0.40000000,0.00000000,0.05037564,VanillaGaussian,VanillaGaussian,Logistic
4.49720000,0.00000000,0.00000000,0.02168444,KFeaturesModel,KFeaturesModel_TwoFeatures_ProtectingIdentity_AttackingSecondHalf_[0.5 0.5]_[10  1]_[1 1],Logistic
2.34740000,0.00000000,0.00000000,0.05203910,KFeaturesModel,KFeaturesModel_TwoFeatures_ProtectingIdentity_AttackingIdentity_[0.5 0.5]_[10  1]_[1 1],Logistic
0.33380000,0.60000000,0.00000000,0.04825709,VanillaGaussian,VanillaGaussian,Logistic
0.46210000,0.20000000,0.00000000,0.04677219,VanillaGaussian,VanillaGaussian,Logistic
0.63960000,0.00000000,0.00000000,0.04064266,VanillaGaussian,VanillaGaussian,Logistic
1.69590000,0.60000000,0.00000000,0.06724468,KFeaturesModel,KFeaturesModel_TwoFeatures_ProtectingIdentity_AttackingFirstHalf_[0.5 0.5]_[10  1]_[1 1],Logistic
0.46210000,0.40000000,0.00000000,0.04579492,VanillaGaussian,VanillaGaussian,Logistic
1.69590000,0.20000000,0.00000000,0.07697356,KFeaturesModel,KFeaturesModel_TwoFeatures_ProtectingIdentity_AttackingIdentity_[0.5 0.5]_[10  1]_[1 1],Logistic
0.88520000,0.00000000,0.00000000,0.03420846,VanillaGaussian,VanillaGaussian,Logistic
0.46210000,0.60000000,0.00000000,0.04240789,VanillaGaussian,VanillaGaussian,Logistic
0.63960000,0.20000000,0.00000000,0.04143991,VanillaGaussian,VanillaGaussian,Logistic
2.34740000,0.20000000,0.00000000,0.05332325,KFeaturesModel,KFeaturesModel_TwoFeatures_ProtectingIdentity_AttackingFirstHalf_[0.5 0.5]_[10  1]_[1 1],Logistic
0.63960000,0.40000000,0.00000000,0.03964909,VanillaGaussian,VanillaGaussian,Logistic
3.24910000,0.20000000,0.00000000,0.03500997,KFeaturesModel,KFeaturesModel_TwoFeatures_ProtectingIdentity_AttackingSecondHalf_[0.5 0.5]_[10  1]_[1 1],Logistic
0.63960000,0.60000000,0.00000000,0.03442314,VanillaGaussian,VanillaGaussian,Logistic
1.69590000,0.40000000,0.00000000,0.07476319,KFeaturesModel,KFeaturesModel_TwoFeatures_ProtectingIdentity_AttackingIdentity_[0.5 0.5]_[10  1]_[1 1],Logistic
1.22530000,0.60000000,0.00000000,0.10057132,KFeaturesModel,KFeaturesModel_TwoFeatures_ProtectingIdentity_AttackingIdentity_[0.5 0.5]_[10  1]_[1 1],Logistic
1.22530000,0.00000000,0.00000000,0.02698267,VanillaGaussian,VanillaGaussian,Logistic
3.24910000,0.00000000,0.00000000,0.03446443,KFeaturesModel,KFeaturesModel_TwoFeatures_ProtectingIdentity_AttackingFirstHalf_[0.5 0.5]_[10  1]_[1 1],Logistic
0.88520000,0.20000000,0.00000000,0.03481376,VanillaGaussian,VanillaGaussian,Logistic
1.69590000,0.60000000,0.00000000,0.06724468,KFeaturesModel,KFeaturesModel_TwoFeatures_ProtectingIdentity_AttackingIdentity_[0.5 0.5]_[10  1]_[1 1],Logistic
2.34740000,0.40000000,0.00000000,0.04943540,KFeaturesModel,KFeaturesModel_TwoFeatures_ProtectingIdentity_AttackingFirstHalf_[0.5 0.5]_[10  1]_[1 1],Logistic
0.88520000,0.40000000,0.00000000,0.03183972,VanillaGaussian,VanillaGaussian,Logistic
2.34740000,0.20000000,0.00000000,0.05332325,KFeaturesModel,KFeaturesModel_TwoFeatures_ProtectingIdentity_AttackingIdentity_[0.5 0.5]_[10  1]_[1 1],Logistic
0.88520000,0.60000000,0.00000000,0.02407373,VanillaGaussian,VanillaGaussian,Logistic
1.22530000,0.20000000,0.00000000,0.02722081,VanillaGaussian,VanillaGaussian,Logistic
3.24910000,0.00000000,0.00000000,0.03446443,KFeaturesModel,KFeaturesModel_TwoFeatures_ProtectingIdentity_AttackingIdentity_[0.5 0.5]_[10  1]_[1 1],Logistic
2.34740000,0.40000000,0.00000000,0.04943540,KFeaturesModel,KFeaturesModel_TwoFeatures_ProtectingIdentity_AttackingIdentity_[0.5 0.5]_[10  1]_[1 1],Logistic
1.22530000,0.40000000,0.00000000,0.02261098,VanillaGaussian,VanillaGaussian,Logistic
2.34740000,0.00000000,0.00000000,0.01323192,VanillaGaussian,VanillaGaussian,Logistic
1.69590000,0.20000000,0.00000000,0.01937800,VanillaGaussian,VanillaGaussian,Logistic
1.22530000,0.60000000,0.00000000,0.01174680,VanillaGaussian,VanillaGaussian,Logistic
2.34740000,0.60000000,0.00000000,0.03869162,KFeaturesModel,KFeaturesModel_TwoFeatures_ProtectingIdentity_AttackingFirstHalf_[0.5 0.5]_[10  1]_[1 1],Logistic
1.69590000,0.40000000,0.00000000,0.01270607,VanillaGaussian,VanillaGaussian,Logistic
4.49720000,0.00000000,0.00000000,0.02168444,KFeaturesModel,KFeaturesModel_TwoFeatures_ProtectingIdentity_AttackingFirstHalf_[0.5 0.5]_[10  1]_[1 1],Logistic
6.22470000,0.00000000,0.00000000,0.01293940,KFeaturesModel,KFeaturesModel_TwoFeatures_ProtectingIdentity_AttackingSecondHalf_[0.5 0.5]_[10  1]_[1 1],Logistic
2.34740000,0.60000000,0.00000000,0.03869162,KFeaturesModel,KFeaturesModel_TwoFeatures_ProtectingIdentity_AttackingIdentity_[0.5 0.5]_[10  1]_[1 1],Logistic
3.24910000,0.00000000,0.00000000,0.00821538,VanillaGaussian,VanillaGaussian,Logistic
2.34740000,0.20000000,0.00000000,0.01218012,VanillaGaussian,VanillaGaussian,Logistic
3.24910000,0.20000000,0.00000000,0.03500997,KFeaturesModel,KFeaturesModel_TwoFeatures_ProtectingIdentity_AttackingFirstHalf_[0.5 0.5]_[10  1]_[1 1],Logistic
4.49720000,0.00000000,0.00000000,0.02168444,KFeaturesModel,KFeaturesModel_TwoFeatures_ProtectingIdentity_AttackingIdentity_[0.5 0.5]_[10  1]_[1 1],Logistic
3.24910000,0.20000000,0.00000000,0.03500997,KFeaturesModel,KFeaturesModel_TwoFeatures_ProtectingIdentity_AttackingIdentity_[0.5 0.5]_[10  1]_[1 1],Logistic
4.49720000,0.00000000,0.00000000,0.00478525,VanillaGaussian,VanillaGaussian,Logistic
3.24910000,0.20000000,0.00000000,0.00633479,VanillaGaussian,VanillaGaussian,Logistic
0.88520000,0.60000000,0.00000000,0.21047465,KFeaturesModel,KFeaturesModel_TwoFeatures_ProtectingSecondHalf_AttackingSecondHalf_[0.5 0.5]_[10  1]_[1 1]_SD_1_10_SU_1_10,Logistic
6.22470000,0.00000000,0.00000000,0.01293940,KFeaturesModel,KFeaturesModel_TwoFeatures_ProtectingIdentity_AttackingFirstHalf_[0.5 0.5]_[10  1]_[1 1],Logistic
6.22470000,0.00000000,0.00000000,0.01293940,KFeaturesModel,KFeaturesModel_TwoFeatures_ProtectingIdentity_AttackingIdentity_[0.5 0.5]_[10  1]_[1 1],Logistic
2.34740000,0.40000000,0.00000000,0.00362489,VanillaGaussian,VanillaGaussian,Logistic
1.22530000,0.00000000,0.00000000,0.10399209,KFeaturesModel,KFeaturesModel_TwoFeatures_ProtectingSecondHalf_AttackingSecondHalf_[0.5 0.5]_[10  1]_[1 1]_SD_1_10_SU_1_10,Logistic
3.24910000,0.60000000,0.00000000,0.01517179,KFeaturesModel,KFeaturesModel_TwoFeatures_ProtectingIdentity_AttackingSecondHalf_[0.5 0.5]_[10  1]_[1 1],Logistic
1.22530000,0.20000000,0.00000000,0.15821797,KFeaturesModel,KFeaturesModel_TwoFeatures_ProtectingSecondHalf_AttackingSecondHalf_[0.5 0.5]_[10  1]_[1 1]_SD_1_10_SU_1_10,Logistic
1.69590000,0.60000000,0.00000000,-0.00024291,VanillaGaussian,VanillaGaussian,Logistic
4.49720000,0.40000000,0.00000000,0.01314762,KFeaturesModel,KFeaturesModel_TwoFeatures_ProtectingIdentity_AttackingSecondHalf_[0.5 0.5]_[10  1]_[1 1],Logistic
1.22530000,0.60000000,0.00000000,0.15534744,KFeaturesModel,KFeaturesModel_TwoFeatures_ProtectingSecondHalf_AttackingSecondHalf_[0.5 0.5]_[10  1]_[1 1]_SD_1_10_SU_1_10,Logistic
3.24910000,0.60000000,0.00000000,0.01517179,KFeaturesModel,KFeaturesModel_TwoFeatures_ProtectingIdentity_AttackingFirstHalf_[0.5 0.5]_[10  1]_[1 1],Logistic
3.24910000,0.60000000,0.00000000,0.01517179,KFeaturesModel,KFeaturesModel_TwoFeatures_ProtectingIdentity_AttackingIdentity_[0.5 0.5]_[10  1]_[1 1],Logistic
4.49720000,0.40000000,0.00000000,0.01314762,KFeaturesModel,KFeaturesModel_TwoFeatures_ProtectingIdentity_AttackingFirstHalf_[0.5 0.5]_[10  1]_[1 1],Logistic
4.49720000,0.40000000,0.00000000,0.01314762,KFeaturesModel,KFeaturesModel_TwoFeatures_ProtectingIdentity_AttackingIdentity_[0.5 0.5]_[10  1]_[1 1],Logistic
6.22470000,0.20000000,0.00000000,0.01164685,KFeaturesModel,KFeaturesModel_TwoFeatures_ProtectingIdentity_AttackingSecondHalf_[0.5 0.5]_[10  1]_[1 1],Logistic
1.69590000,0.20000000,0.00000000,0.11366103,KFeaturesModel,KFeaturesModel_TwoFeatures_ProtectingSecondHalf_AttackingSecondHalf_[0.5 0.5]_[10  1]_[1 1]_SD_1_10_SU_1_10,Logistic
4.49720000,0.20000000,0.00000000,0.00215262,VanillaGaussian,VanillaGaussian,Logistic
1.69590000,0.60000000,0.00000000,0.09649310,KFeaturesModel,KFeaturesModel_TwoFeatures_ProtectingSecondHalf_AttackingSecondHalf_[0.5 0.5]_[10  1]_[1 1]_SD_1_10_SU_1_10,Logistic
1.69590000,0.40000000,0.00000000,0.12013263,KFeaturesModel,KFeaturesModel_TwoFeatures_ProtectingSecondHalf_AttackingSecondHalf_[0.5 0.5]_[10  1]_[1 1]_SD_1_10_SU_1_10,Logistic
2.34740000,0.00000000,0.00000000,0.05204115,KFeaturesModel,KFeaturesModel_TwoFeatures_ProtectingSecondHalf_AttackingSecondHalf_[0.5 0.5]_[10  1]_[1 1]_SD_1_10_SU_1_10,Logistic
6.22470000,0.20000000,0.00000000,0.01164685,KFeaturesModel,KFeaturesModel_TwoFeatures_ProtectingIdentity_AttackingFirstHalf_[0.5 0.5]_[10  1]_[1 1],Logistic
3.24910000,0.00000000,0.00000000,0.03446443,KFeaturesModel,KFeaturesModel_TwoFeatures_ProtectingSecondHalf_AttackingSecondHalf_[0.5 0.5]_[10  1]_[1 1]_SD_1_10_SU_1_10,Logistic
6.22470000,0.20000000,0.00000000,0.01164685,KFeaturesModel,KFeaturesModel_TwoFeatures_ProtectingIdentity_AttackingIdentity_[0.5 0.5]_[10  1]_[1 1],Logistic
2.34740000,0.20000000,0.00000000,0.06750342,KFeaturesModel,KFeaturesModel_TwoFeatures_ProtectingSecondHalf_AttackingSecondHalf_[0.5 0.5]_[10  1]_[1 1]_SD_1_10_SU_1_10,Logistic
4.49720000,0.00000000,0.00000000,0.02168444,KFeaturesModel,KFeaturesModel_TwoFeatures_ProtectingSecondHalf_AttackingSecondHalf_[0.5 0.5]_[10  1]_[1 1]_SD_1_10_SU_1_10,Logistic
2.34740000,0.40000000,0.00000000,0.06708078,KFeaturesModel,KFeaturesModel_TwoFeatures_ProtectingSecondHalf_AttackingSecondHalf_[0.5 0.5]_[10  1]_[1 1]_SD_1_10_SU_1_10,Logistic
2.34740000,0.60000000,0.00000000,0.03713545,KFeaturesModel,KFeaturesModel_TwoFeatures_ProtectingSecondHalf_AttackingSecondHalf_[0.5 0.5]_[10  1]_[1 1]_SD_1_10_SU_1_10,Logistic
6.22470000,0.00000000,0.00000000,0.01293940,KFeaturesModel,KFeaturesModel_TwoFeatures_ProtectingSecondHalf_AttackingSecondHalf_[0.5 0.5]_[10  1]_[1 1]_SD_1_10_SU_1_10,Logistic
8.61580000,0.00000000,0.00000000,0.00144223,VanillaGaussian,VanillaGaussian,Logistic
11.92530000,0.00000000,0.00000000,0.00076779,VanillaGaussian,VanillaGaussian,Logistic
3.24910000,0.40000000,0.00000000,-0.00265664,VanillaGaussian,VanillaGaussian,Logistic
4.49720000,0.60000000,0.00000000,-0.00155093,KFeaturesModel,KFeaturesModel_TwoFeatures_ProtectingIdentity_AttackingSecondHalf_[0.5 0.5]_[10  1]_[1 1],Logistic
16.50620000,0.00000000,0.00000000,0.00217809,KFeaturesModel,KFeaturesModel_TwoFeatures_ProtectingIdentity_AttackingSecondHalf_[0.5 0.5]_[10  1]_[1 1],Logistic
4.49720000,0.60000000,0.00000000,-0.00155093,KFeaturesModel,KFeaturesModel_TwoFeatures_ProtectingIdentity_AttackingIdentity_[0.5 0.5]_[10  1]_[1 1],Logistic
4.49720000,0.60000000,0.00000000,-0.00155093,KFeaturesModel,KFeaturesModel_TwoFeatures_ProtectingIdentity_AttackingFirstHalf_[0.5 0.5]_[10  1]_[1 1],Logistic
4.49720000,0.60000000,0.00000000,-0.07840981,KFeaturesModel,KFeaturesModel_TwoFeatures_ProtectingSecondHalf_AttackingSecondHalf_[0.5 0.5]_[10  1]_[1 1]_SD_1_10_SU_1_10,Logistic
16.50620000,0.00000000,0.00000000,0.00217809,KFeaturesModel,KFeaturesModel_TwoFeatures_ProtectingIdentity_AttackingIdentity_[0.5 0.5]_[10  1]_[1 1],Logistic
16.50620000,0.00000000,0.00000000,0.00217809,KFeaturesModel,KFeaturesModel_TwoFeatures_ProtectingIdentity_AttackingFirstHalf_[0.5 0.5]_[10  1]_[1 1],Logistic
6.22470000,0.20000000,0.00000000,-0.00025973,VanillaGaussian,VanillaGaussian,Logistic
16.50620000,0.00000000,0.00000000,0.00040500,VanillaGaussian,VanillaGaussian,Logistic
16.50620000,0.00000000,0.00000000,0.00217809,KFeaturesModel,KFeaturesModel_TwoFeatures_ProtectingSecondHalf_AttackingSecondHalf_[0.5 0.5]_[10  1]_[1 1]_SD_1_10_SU_1_10,Logistic
22.84670000,0.00000000,0.00000000,0.00021258,VanillaGaussian,VanillaGaussian,Logistic
31.62280000,0.60000000,0.00000000,-0.99999998,KFeaturesModel,KFeaturesModel_TwoFeatures_ProtectingSecondHalf_AttackingSecondHalf_[0.5 0.5]_[10  1]_[1 1]_SD_1_10_SU_1_10,Logistic
0.18650000,0.00000000,0.00000000,0.28018942,KFeaturesModel,KFeaturesModel_TwoFeatures_ProtectingIdentity_AttackingIdentity_[0.5 0.5]_[10  1]_[1 1],Logistic
0.18650000,0.00000000,0.00000000,0.28018942,KFeaturesModel,KFeaturesModel_TwoFeatures_ProtectingIdentity_AttackingFirstHalf_[0.5 0.5]_[10  1]_[1 1],Logistic
0.18650000,0.00000000,0.00000000,0.05489063,VanillaGaussian,VanillaGaussian,Logistic
0.27620000,0.00000000,0.00000000,0.25474613,KFeaturesModel,KFeaturesModel_TwoFeatures_ProtectingIdentity_AttackingIdentity_[0.5 0.5]_[10  1]_[1 1],Logistic
0.27620000,0.00000000,0.00000000,0.25474613,KFeaturesModel,KFeaturesModel_TwoFeatures_ProtectingIdentity_AttackingFirstHalf_[0.5 0.5]_[10  1]_[1 1],Logistic
0.40900000,0.00000000,0.00000000,0.04762305,VanillaGaussian,VanillaGaussian,Logistic
0.40900000,0.00000000,0.00000000,0.22108261,KFeaturesModel,KFeaturesModel_TwoFeatures_ProtectingIdentity_AttackingIdentity_[0.5 0.5]_[10  1]_[1 1],Logistic
0.40900000,0.00000000,0.00000000,0.22108261,KFeaturesModel,KFeaturesModel_TwoFeatures_ProtectingIdentity_AttackingFirstHalf_[0.5 0.5]_[10  1]_[1 1],Logistic
0.27620000,0.00000000,0.00000000,0.05189811,VanillaGaussian,VanillaGaussian,Logistic
0.60580000,0.00000000,0.00000000,0.04162177,VanillaGaussian,VanillaGaussian,Logistic
0.89730000,0.00000000,0.00000000,0.13639130,KFeaturesModel,KFeaturesModel_TwoFeatures_ProtectingIdentity_AttackingFirstHalf_[0.5 0.5]_[10  1]_[1 1],Logistic
0.89730000,0.00000000,0.00000000,0.13639130,KFeaturesModel,KFeaturesModel_TwoFeatures_ProtectingIdentity_AttackingIdentity_[0.5 0.5]_[10  1]_[1 1],Logistic
0.60580000,0.00000000,0.00000000,0.18009775,KFeaturesModel,KFeaturesModel_TwoFeatures_ProtectingIdentity_AttackingIdentity_[0.5 0.5]_[10  1]_[1 1],Logistic
0.60580000,0.00000000,0.00000000,0.18009775,KFeaturesModel,KFeaturesModel_TwoFeatures_ProtectingIdentity_AttackingFirstHalf_[0.5 0.5]_[10  1]_[1 1],Logistic
0.27620000,0.40000000,0.00000000,0.25880575,KFeaturesModel,KFeaturesModel_TwoFeatures_ProtectingIdentity_AttackingFirstHalf_[0.5 0.5]_[10  1]_[1 1],Logistic
0.27620000,0.40000000,0.00000000,0.25880575,KFeaturesModel,KFeaturesModel_TwoFeatures_ProtectingIdentity_AttackingIdentity_[0.5 0.5]_[10  1]_[1 1],Logistic
0.18650000,0.20000000,0.00000000,0.28194009,KFeaturesModel,KFeaturesModel_TwoFeatures_ProtectingIdentity_AttackingFirstHalf_[0.5 0.5]_[10  1]_[1 1],Logistic
0.18650000,0.20000000,0.00000000,0.28194009,KFeaturesModel,KFeaturesModel_TwoFeatures_ProtectingIdentity_AttackingIdentity_[0.5 0.5]_[10  1]_[1 1],Logistic
0.27620000,0.20000000,0.00000000,0.25719321,KFeaturesModel,KFeaturesModel_TwoFeatures_ProtectingIdentity_AttackingIdentity_[0.5 0.5]_[10  1]_[1 1],Logistic
0.27620000,0.20000000,0.00000000,0.25719321,KFeaturesModel,KFeaturesModel_TwoFeatures_ProtectingIdentity_AttackingFirstHalf_[0.5 0.5]_[10  1]_[1 1],Logistic
0.89730000,0.00000000,0.00000000,0.03391868,VanillaGaussian,VanillaGaussian,Logistic
0.18650000,0.20000000,0.00000000,0.05545657,VanillaGaussian,VanillaGaussian,Logistic
0.27620000,0.60000000,0.00000000,0.25942150,KFeaturesModel,KFeaturesModel_TwoFeatures_ProtectingIdentity_AttackingIdentity_[0.5 0.5]_[10  1]_[1 1],Logistic
0.18650000,0.60000000,0.00000000,0.28429241,KFeaturesModel,KFeaturesModel_TwoFeatures_ProtectingIdentity_AttackingIdentity_[0.5 0.5]_[10  1]_[1 1],Logistic
0.27620000,0.60000000,0.00000000,0.25942150,KFeaturesModel,KFeaturesModel_TwoFeatures_ProtectingIdentity_AttackingFirstHalf_[0.5 0.5]_[10  1]_[1 1],Logistic
0.18650000,0.60000000,0.00000000,0.28429241,KFeaturesModel,KFeaturesModel_TwoFeatures_ProtectingIdentity_AttackingFirstHalf_[0.5 0.5]_[10  1]_[1 1],Logistic
0.27620000,0.20000000,0.00000000,0.05264243,VanillaGaussian,VanillaGaussian,Logistic
0.18650000,0.40000000,0.00000000,0.05552982,VanillaGaussian,VanillaGaussian,Logistic
0.40900000,0.40000000,0.00000000,0.22533288,KFeaturesModel,KFeaturesModel_TwoFeatures_ProtectingIdentity_AttackingIdentity_[0.5 0.5]_[10  1]_[1 1],Logistic
0.18650000,0.40000000,0.00000000,0.28341394,KFeaturesModel,KFeaturesModel_TwoFeatures_ProtectingIdentity_AttackingIdentity_[0.5 0.5]_[10  1]_[1 1],Logistic
0.18650000,0.40000000,0.00000000,0.28341394,KFeaturesModel,KFeaturesModel_TwoFeatures_ProtectingIdentity_AttackingFirstHalf_[0.5 0.5]_[10  1]_[1 1],Logistic
0.40900000,0.40000000,0.00000000,0.22533288,KFeaturesModel,KFeaturesModel_TwoFeatures_ProtectingIdentity_AttackingFirstHalf_[0.5 0.5]_[10  1]_[1 1],Logistic
0.40900000,0.20000000,0.00000000,0.22384574,KFeaturesModel,KFeaturesModel_TwoFeatures_ProtectingIdentity_AttackingIdentity_[0.5 0.5]_[10  1]_[1 1],Logistic
0.27620000,0.40000000,0.00000000,0.05242381,VanillaGaussian,VanillaGaussian,Logistic
0.40900000,0.20000000,0.00000000,0.22384574,KFeaturesModel,KFeaturesModel_TwoFeatures_ProtectingIdentity_AttackingFirstHalf_[0.5 0.5]_[10  1]_[1 1],Logistic
0.40900000,0.20000000,0.00000000,0.04843180,VanillaGaussian,VanillaGaussian,Logistic
0.40900000,0.40000000,0.00000000,0.04768561,VanillaGaussian,VanillaGaussian,Logistic
0.27620000,0.60000000,0.00000000,0.05084541,VanillaGaussian,VanillaGaussian,Logistic
0.18650000,0.60000000,0.00000000,0.05473382,VanillaGaussian,VanillaGaussian,Logistic
0.40900000,0.60000000,0.00000000,0.22536640,KFeaturesModel,KFeaturesModel_TwoFeatures_ProtectingIdentity_AttackingFirstHalf_[0.5 0.5]_[10  1]_[1 1],Logistic
0.40900000,0.60000000,0.00000000,0.22536640,KFeaturesModel,KFeaturesModel_TwoFeatures_ProtectingIdentity_AttackingIdentity_[0.5 0.5]_[10  1]_[1 1],Logistic
0.60580000,0.20000000,0.00000000,0.04242212,VanillaGaussian,VanillaGaussian,Logistic
0.60580000,0.20000000,0.00000000,0.18295067,KFeaturesModel,KFeaturesModel_TwoFeatures_ProtectingIdentity_AttackingFirstHalf_[0.5 0.5]_[10  1]_[1 1],Logistic
0.60580000,0.20000000,0.00000000,0.18295067,KFeaturesModel,KFeaturesModel_TwoFeatures_ProtectingIdentity_AttackingIdentity_[0.5 0.5]_[10  1]_[1 1],Logistic
0.60580000,0.40000000,0.00000000,0.04079186,VanillaGaussian,VanillaGaussian,Logistic
0.40900000,0.60000000,0.00000000,0.04483315,VanillaGaussian,VanillaGaussian,Logistic
0.60580000,0.60000000,0.00000000,0.18287983,KFeaturesModel,KFeaturesModel_TwoFeatures_ProtectingIdentity_AttackingIdentity_[0.5 0.5]_[10  1]_[1 1],Logistic
0.60580000,0.60000000,0.00000000,0.18287983,KFeaturesModel,KFeaturesModel_TwoFeatures_ProtectingIdentity_AttackingFirstHalf_[0.5 0.5]_[10  1]_[1 1],Logistic
0.89730000,0.40000000,0.00000000,0.13920156,KFeaturesModel,KFeaturesModel_TwoFeatures_ProtectingIdentity_AttackingFirstHalf_[0.5 0.5]_[10  1]_[1 1],Logistic
1.32900000,0.00000000,0.00000000,0.09624119,KFeaturesModel,KFeaturesModel_TwoFeatures_ProtectingIdentity_AttackingIdentity_[0.5 0.5]_[10  1]_[1 1],Logistic
1.32900000,0.00000000,0.00000000,0.09624119,KFeaturesModel,KFeaturesModel_TwoFeatures_ProtectingIdentity_AttackingFirstHalf_[0.5 0.5]_[10  1]_[1 1],Logistic
0.89730000,0.40000000,0.00000000,0.13920156,KFeaturesModel,KFeaturesModel_TwoFeatures_ProtectingIdentity_AttackingIdentity_[0.5 0.5]_[10  1]_[1 1],Logistic
0.18650000,0.00000000,0.00000000,0.28018942,KFeaturesModel,KFeaturesModel_TwoFeatures_ProtectingIdentity_AttackingSecondHalf_[0.5 0.5]_[10  1]_[1 1],Logistic
0.60580000,0.60000000,0.00000000,0.03591933,VanillaGaussian,VanillaGaussian,Logistic
0.89730000,0.20000000,0.00000000,0.03451193,VanillaGaussian,VanillaGaussian,Logistic
1.32900000,0.00000000,0.00000000,0.02513450,VanillaGaussian,VanillaGaussian,Logistic
0.18650000,0.00000000,0.00000000,0.28018942,KFeaturesModel,KFeaturesModel_TwoFeatures_ProtectingSecondHalf_AttackingSecondHalf_[0.5 0.5]_[10  1]_[1 1]_SD_1_10_SU_1_10,Logistic
0.18650000,0.00000000,0.00000000,0.28018942,KFeaturesModel,KFeaturesModel_TwoFeatures_ProtectingIdentity_AttackingSecondHalf_[0.5 0.5]_[10  1]_[1 1],Logistic
0.27620000,0.00000000,0.00000000,0.25474613,KFeaturesModel,KFeaturesModel_TwoFeatures_ProtectingIdentity_AttackingSecondHalf_[0.5 0.5]_[10  1]_[1 1],Logistic
0.40900000,0.00000000,0.00000000,0.22108261,KFeaturesModel,KFeaturesModel_TwoFeatures_ProtectingIdentity_AttackingSecondHalf_[0.5 0.5]_[10  1]_[1 1],Logistic
0.27620000,0.00000000,0.00000000,0.25474613,KFeaturesModel,KFeaturesModel_TwoFeatures_ProtectingSecondHalf_AttackingSecondHalf_[0.5 0.5]_[10  1]_[1 1]_SD_1_10_SU_1_10,Logistic
0.27620000,0.00000000,0.00000000,0.25474613,KFeaturesModel,KFeaturesModel_TwoFeatures_ProtectingIdentity_AttackingSecondHalf_[0.5 0.5]_[10  1]_[1 1],Logistic
0.60580000,0.40000000,0.00000000,0.18398919,KFeaturesModel,KFeaturesModel_TwoFeatures_ProtectingIdentity_AttackingFirstHalf_[0.5 0.5]_[10  1]_[1 1],Logistic
0.89730000,0.40000000,0.00000000,0.03148024,VanillaGaussian,VanillaGaussian,Logistic
0.40900000,0.00000000,0.00000000,0.22108261,KFeaturesModel,KFeaturesModel_TwoFeatures_ProtectingSecondHalf_AttackingSecondHalf_[0.5 0.5]_[10  1]_[1 1]_SD_1_10_SU_1_10,Logistic
0.40900000,0.00000000,0.00000000,0.22108261,KFeaturesModel,KFeaturesModel_TwoFeatures_ProtectingIdentity_AttackingSecondHalf_[0.5 0.5]_[10  1]_[1 1],Logistic
0.60580000,0.40000000,0.00000000,0.18398919,KFeaturesModel,KFeaturesModel_TwoFeatures_ProtectingIdentity_AttackingIdentity_[0.5 0.5]_[10  1]_[1 1],Logistic
0.89730000,0.00000000,0.00000000,0.13639130,KFeaturesModel,KFeaturesModel_TwoFeatures_ProtectingIdentity_AttackingSecondHalf_[0.5 0.5]_[10  1]_[1 1],Logistic
0.60580000,0.00000000,0.00000000,0.18009775,KFeaturesModel,KFeaturesModel_TwoFeatures_ProtectingIdentity_AttackingSecondHalf_[0.5 0.5]_[10  1]_[1 1],Logistic
0.27620000,0.40000000,0.00000000,0.25880575,KFeaturesModel,KFeaturesModel_TwoFeatures_ProtectingIdentity_AttackingSecondHalf_[0.5 0.5]_[10  1]_[1 1],Logistic
0.60580000,0.00000000,0.00000000,0.18009775,KFeaturesModel,KFeaturesModel_TwoFeatures_ProtectingSecondHalf_AttackingSecondHalf_[0.5 0.5]_[10  1]_[1 1]_SD_1_10_SU_1_10,Logistic
0.89730000,0.00000000,0.00000000,0.13639130,KFeaturesModel,KFeaturesModel_TwoFeatures_ProtectingSecondHalf_AttackingSecondHalf_[0.5 0.5]_[10  1]_[1 1]_SD_1_10_SU_1_10,Logistic
0.89730000,0.00000000,0.00000000,0.13639130,KFeaturesModel,KFeaturesModel_TwoFeatures_ProtectingIdentity_AttackingSecondHalf_[0.5 0.5]_[10  1]_[1 1],Logistic
0.89730000,0.20000000,0.00000000,0.13905529,KFeaturesModel,KFeaturesModel_TwoFeatures_ProtectingIdentity_AttackingIdentity_[0.5 0.5]_[10  1]_[1 1],Logistic
0.60580000,0.00000000,0.00000000,0.18009775,KFeaturesModel,KFeaturesModel_TwoFeatures_ProtectingIdentity_AttackingSecondHalf_[0.5 0.5]_[10  1]_[1 1],Logistic
0.18650000,0.20000000,0.00000000,0.33660691,KFeaturesModel,KFeaturesModel_TwoFeatures_ProtectingSecondHalf_AttackingSecondHalf_[0.5 0.5]_[10  1]_[1 1]_SD_1_10_SU_1_10,Logistic
0.27620000,0.40000000,0.00000000,0.25880575,KFeaturesModel,KFeaturesModel_TwoFeatures_ProtectingIdentity_AttackingSecondHalf_[0.5 0.5]_[10  1]_[1 1],Logistic
0.18650000,0.20000000,0.00000000,0.28194009,KFeaturesModel,KFeaturesModel_TwoFeatures_ProtectingIdentity_AttackingSecondHalf_[0.5 0.5]_[10  1]_[1 1],Logistic
0.27620000,0.20000000,0.00000000,0.25719321,KFeaturesModel,KFeaturesModel_TwoFeatures_ProtectingIdentity_AttackingSecondHalf_[0.5 0.5]_[10  1]_[1 1],Logistic
0.89730000,0.20000000,0.00000000,0.13905529,KFeaturesModel,KFeaturesModel_TwoFeatures_ProtectingIdentity_AttackingFirstHalf_[0.5 0.5]_[10  1]_[1 1],Logistic
1.96840000,0.00000000,0.00000000,0.06381651,KFeaturesModel,KFeaturesModel_TwoFeatures_ProtectingIdentity_AttackingFirstHalf_[0.5 0.5]_[10  1]_[1 1],Logistic
0.18650000,0.60000000,0.00000000,0.28429241,KFeaturesModel,KFeaturesModel_TwoFeatures_ProtectingIdentity_AttackingSecondHalf_[0.5 0.5]_[10  1]_[1 1],Logistic
0.27620000,0.60000000,0.00000000,0.25942150,KFeaturesModel,KFeaturesModel_TwoFeatures_ProtectingIdentity_AttackingSecondHalf_[0.5 0.5]_[10  1]_[1 1],Logistic
1.96840000,0.00000000,0.00000000,0.06381651,KFeaturesModel,KFeaturesModel_TwoFeatures_ProtectingIdentity_AttackingIdentity_[0.5 0.5]_[10  1]_[1 1],Logistic
0.18650000,0.20000000,0.00000000,0.28194009,KFeaturesModel,KFeaturesModel_TwoFeatures_ProtectingIdentity_AttackingSecondHalf_[0.5 0.5]_[10  1]_[1 1],Logistic
0.89730000,0.60000000,0.00000000,0.13629025,KFeaturesModel,KFeaturesModel_TwoFeatures_ProtectingIdentity_AttackingIdentity_[0.5 0.5]_[10  1]_[1 1],Logistic
0.27620000,0.20000000,0.00000000,0.25719321,KFeaturesModel,KFeaturesModel_TwoFeatures_ProtectingIdentity_AttackingSecondHalf_[0.5 0.5]_[10  1]_[1 1],Logistic
0.40900000,0.40000000,0.00000000,0.22533288,KFeaturesModel,KFeaturesModel_TwoFeatures_ProtectingIdentity_AttackingSecondHalf_[0.5 0.5]_[10  1]_[1 1],Logistic
0.18650000,0.40000000,0.00000000,0.28341394,KFeaturesModel,KFeaturesModel_TwoFeatures_ProtectingIdentity_AttackingSecondHalf_[0.5 0.5]_[10  1]_[1 1],Logistic
0.27620000,0.60000000,0.00000000,0.25942150,KFeaturesModel,KFeaturesModel_TwoFeatures_ProtectingIdentity_AttackingSecondHalf_[0.5 0.5]_[10  1]_[1 1],Logistic
0.18650000,0.60000000,0.00000000,0.28429241,KFeaturesModel,KFeaturesModel_TwoFeatures_ProtectingIdentity_AttackingSecondHalf_[0.5 0.5]_[10  1]_[1 1],Logistic
0.40900000,0.20000000,0.00000000,0.22384574,KFeaturesModel,KFeaturesModel_TwoFeatures_ProtectingIdentity_AttackingSecondHalf_[0.5 0.5]_[10  1]_[1 1],Logistic
0.89730000,0.60000000,0.00000000,0.13629025,KFeaturesModel,KFeaturesModel_TwoFeatures_ProtectingIdentity_AttackingFirstHalf_[0.5 0.5]_[10  1]_[1 1],Logistic
0.27620000,0.20000000,0.00000000,0.31657024,KFeaturesModel,KFeaturesModel_TwoFeatures_ProtectingSecondHalf_AttackingSecondHalf_[0.5 0.5]_[10  1]_[1 1]_SD_1_10_SU_1_10,Logistic
0.40900000,0.60000000,0.00000000,0.22536640,KFeaturesModel,KFeaturesModel_TwoFeatures_ProtectingIdentity_AttackingSecondHalf_[0.5 0.5]_[10  1]_[1 1],Logistic
0.18650000,0.40000000,0.00000000,0.28341394,KFeaturesModel,KFeaturesModel_TwoFeatures_ProtectingIdentity_AttackingSecondHalf_[0.5 0.5]_[10  1]_[1 1],Logistic
0.40900000,0.20000000,0.00000000,0.22384574,KFeaturesModel,KFeaturesModel_TwoFeatures_ProtectingIdentity_AttackingSecondHalf_[0.5 0.5]_[10  1]_[1 1],Logistic
1.32900000,0.20000000,0.00000000,0.09846935,KFeaturesModel,KFeaturesModel_TwoFeatures_ProtectingIdentity_AttackingIdentity_[0.5 0.5]_[10  1]_[1 1],Logistic
0.40900000,0.20000000,0.00000000,0.28650110,KFeaturesModel,KFeaturesModel_TwoFeatures_ProtectingSecondHalf_AttackingSecondHalf_[0.5 0.5]_[10  1]_[1 1]_SD_1_10_SU_1_10,Logistic
0.40900000,0.40000000,0.00000000,0.22533288,KFeaturesModel,KFeaturesModel_TwoFeatures_ProtectingIdentity_AttackingSecondHalf_[0.5 0.5]_[10  1]_[1 1],Logistic
1.32900000,0.20000000,0.00000000,0.09846935,KFeaturesModel,KFeaturesModel_TwoFeatures_ProtectingIdentity_AttackingFirstHalf_[0.5 0.5]_[10  1]_[1 1],Logistic
1.96840000,0.00000000,0.00000000,0.01658604,VanillaGaussian,VanillaGaussian,Logistic
0.40900000,0.60000000,0.00000000,0.22536640,KFeaturesModel,KFeaturesModel_TwoFeatures_ProtectingIdentity_AttackingSecondHalf_[0.5 0.5]_[10  1]_[1 1],Logistic
1.32900000,0.20000000,0.00000000,0.02524987,VanillaGaussian,VanillaGaussian,Logistic
0.60580000,0.20000000,0.00000000,0.18295067,KFeaturesModel,KFeaturesModel_TwoFeatures_ProtectingIdentity_AttackingSecondHalf_[0.5 0.5]_[10  1]_[1 1],Logistic
0.18650000,0.60000000,0.00000000,0.37522769,KFeaturesModel,KFeaturesModel_TwoFeatures_ProtectingSecondHalf_AttackingSecondHalf_[0.5 0.5]_[10  1]_[1 1]_SD_1_10_SU_1_10,Logistic
0.27620000,0.60000000,0.00000000,0.35146429,KFeaturesModel,KFeaturesModel_TwoFeatures_ProtectingSecondHalf_AttackingSecondHalf_[0.5 0.5]_[10  1]_[1 1]_SD_1_10_SU_1_10,Logistic
0.60580000,0.60000000,0.00000000,0.18287983,KFeaturesModel,KFeaturesModel_TwoFeatures_ProtectingIdentity_AttackingSecondHalf_[0.5 0.5]_[10  1]_[1 1],Logistic
0.60580000,0.20000000,0.00000000,0.18295067,KFeaturesModel,KFeaturesModel_TwoFeatures_ProtectingIdentity_AttackingSecondHalf_[0.5 0.5]_[10  1]_[1 1],Logistic
0.89730000,0.60000000,0.00000000,0.02359168,VanillaGaussian,VanillaGaussian,Logistic
1.32900000,0.60000000,0.00000000,0.09180406,KFeaturesModel,KFeaturesModel_TwoFeatures_ProtectingIdentity_AttackingIdentity_[0.5 0.5]_[10  1]_[1 1],Logistic
0.60580000,0.20000000,0.00000000,0.24642136,KFeaturesModel,KFeaturesModel_TwoFeatures_ProtectingSecondHalf_AttackingSecondHalf_[0.5 0.5]_[10  1]_[1 1]_SD_1_10_SU_1_10,Logistic
1.32900000,0.60000000,0.00000000,0.09180406,KFeaturesModel,KFeaturesModel_TwoFeatures_ProtectingIdentity_AttackingFirstHalf_[0.5 0.5]_[10  1]_[1 1],Logistic
0.89730000,0.40000000,0.00000000,0.13920156,KFeaturesModel,KFeaturesModel_TwoFeatures_ProtectingIdentity_AttackingSecondHalf_[0.5 0.5]_[10  1]_[1 1],Logistic
1.32900000,0.00000000,0.00000000,0.09624119,KFeaturesModel,KFeaturesModel_TwoFeatures_ProtectingIdentity_AttackingSecondHalf_[0.5 0.5]_[10  1]_[1 1],Logistic
0.60580000,0.60000000,0.00000000,0.18287983,KFeaturesModel,KFeaturesModel_TwoFeatures_ProtectingIdentity_AttackingSecondHalf_[0.5 0.5]_[10  1]_[1 1],Logistic
1.32900000,0.40000000,0.00000000,0.09729656,KFeaturesModel,KFeaturesModel_TwoFeatures_ProtectingIdentity_AttackingFirstHalf_[0.5 0.5]_[10  1]_[1 1],Logistic
2.91550000,0.00000000,0.00000000,0.03975300,KFeaturesModel,KFeaturesModel_TwoFeatures_ProtectingIdentity_AttackingFirstHalf_[0.5 0.5]_[10  1]_[1 1],Logistic
1.32900000,0.40000000,0.00000000,0.09729656,KFeaturesModel,KFeaturesModel_TwoFeatures_ProtectingIdentity_AttackingIdentity_[0.5 0.5]_[10  1]_[1 1],Logistic
2.91550000,0.00000000,0.00000000,0.03975300,KFeaturesModel,KFeaturesModel_TwoFeatures_ProtectingIdentity_AttackingIdentity_[0.5 0.5]_[10  1]_[1 1],Logistic
0.89730000,0.40000000,0.00000000,0.13920156,KFeaturesModel,KFeaturesModel_TwoFeatures_ProtectingIdentity_AttackingSecondHalf_[0.5 0.5]_[10  1]_[1 1],Logistic
1.32900000,0.00000000,0.00000000,0.09624119,KFeaturesModel,KFeaturesModel_TwoFeatures_ProtectingIdentity_AttackingSecondHalf_[0.5 0.5]_[10  1]_[1 1],Logistic
0.60580000,0.40000000,0.00000000,0.18398919,KFeaturesModel,KFeaturesModel_TwoFeatures_ProtectingIdentity_AttackingSecondHalf_[0.5 0.5]_[10  1]_[1 1],Logistic
0.60580000,0.60000000,0.00000000,0.26743274,KFeaturesModel,KFeaturesModel_TwoFeatures_ProtectingSecondHalf_AttackingSecondHalf_[0.5 0.5]_[10  1]_[1 1]_SD_1_10_SU_1_10,Logistic
2.91550000,0.00000000,0.00000000,0.00970683,VanillaGaussian,VanillaGaussian,Logistic
1.32900000,0.00000000,0.00000000,0.09624119,KFeaturesModel,KFeaturesModel_TwoFeatures_ProtectingSecondHalf_AttackingSecondHalf_[0.5 0.5]_[10  1]_[1 1]_SD_1_10_SU_1_10,Logistic
1.32900000,0.40000000,0.00000000,0.02015810,VanillaGaussian,VanillaGaussian,Logistic
0.60580000,0.40000000,0.00000000,0.18398919,KFeaturesModel,KFeaturesModel_TwoFeatures_ProtectingIdentity_AttackingSecondHalf_[0.5 0.5]_[10  1]_[1 1],Logistic
0.89730000,0.20000000,0.00000000,0.13905529,KFeaturesModel,KFeaturesModel_TwoFeatures_ProtectingIdentity_AttackingSecondHalf_[0.5 0.5]_[10  1]_[1 1],Logistic
0.89730000,0.60000000,0.00000000,0.20827716,KFeaturesModel,KFeaturesModel_TwoFeatures_ProtectingSecondHalf_AttackingSecondHalf_[0.5 0.5]_[10  1]_[1 1]_SD_1_10_SU_1_10,Logistic
0.89730000,0.60000000,0.00000000,0.13629025,KFeaturesModel,KFeaturesModel_TwoFeatures_ProtectingIdentity_AttackingSecondHalf_[0.5 0.5]_[10  1]_[1 1],Logistic
1.96840000,0.00000000,0.00000000,0.06381651,KFeaturesModel,KFeaturesModel_TwoFeatures_ProtectingIdentity_AttackingSecondHalf_[0.5 0.5]_[10  1]_[1 1],Logistic
1.96840000,0.40000000,0.00000000,0.06250029,KFeaturesModel,KFeaturesModel_TwoFeatures_ProtectingIdentity_AttackingIdentity_[0.5 0.5]_[10  1]_[1 1],Logistic
1.96840000,0.40000000,0.00000000,0.06250029,KFeaturesModel,KFeaturesModel_TwoFeatures_ProtectingIdentity_AttackingFirstHalf_[0.5 0.5]_[10  1]_[1 1],Logistic
0.89730000,0.20000000,0.00000000,0.13905529,KFeaturesModel,KFeaturesModel_TwoFeatures_ProtectingIdentity_AttackingSecondHalf_[0.5 0.5]_[10  1]_[1 1],Logistic
1.32900000,0.20000000,0.00000000,0.09846935,KFeaturesModel,KFeaturesModel_TwoFeatures_ProtectingIdentity_AttackingSecondHalf_[0.5 0.5]_[10  1]_[1 1],Logistic
1.96840000,0.00000000,0.00000000,0.06381651,KFeaturesModel,KFeaturesModel_TwoFeatures_ProtectingIdentity_AttackingSecondHalf_[0.5 0.5]_[10  1]_[1 1],Logistic
0.89730000,0.60000000,0.00000000,0.13629025,KFeaturesModel,KFeaturesModel_TwoFeatures_ProtectingIdentity_AttackingSecondHalf_[0.5 0.5]_[10  1]_[1 1],Logistic
0.89730000,0.20000000,0.00000000,0.19894459,KFeaturesModel,KFeaturesModel_TwoFeatures_ProtectingSecondHalf_AttackingSecondHalf_[0.5 0.5]_[10  1]_[1 1]_SD_1_10_SU_1_10,Logistic
0.89730000,0.40000000,0.00000000,0.21565188,KFeaturesModel,KFeaturesModel_TwoFeatures_ProtectingSecondHalf_AttackingSecondHalf_[0.5 0.5]_[10  1]_[1 1]_SD_1_10_SU_1_10,Logistic
1.32900000,0.20000000,0.00000000,0.09846935,KFeaturesModel,KFeaturesModel_TwoFeatures_ProtectingIdentity_AttackingSecondHalf_[0.5 0.5]_[10  1]_[1 1],Logistic
1.32900000,0.60000000,0.00000000,0.09180406,KFeaturesModel,KFeaturesModel_TwoFeatures_ProtectingIdentity_AttackingSecondHalf_[0.5 0.5]_[10  1]_[1 1],Logistic
4.31810000,0.00000000,0.00000000,0.02304515,KFeaturesModel,KFeaturesModel_TwoFeatures_ProtectingIdentity_AttackingFirstHalf_[0.5 0.5]_[10  1]_[1 1],Logistic
1.96840000,0.00000000,0.00000000,0.06381651,KFeaturesModel,KFeaturesModel_TwoFeatures_ProtectingSecondHalf_AttackingSecondHalf_[0.5 0.5]_[10  1]_[1 1]_SD_1_10_SU_1_10,Logistic
4.31810000,0.00000000,0.00000000,0.02304515,KFeaturesModel,KFeaturesModel_TwoFeatures_ProtectingIdentity_AttackingIdentity_[0.5 0.5]_[10  1]_[1 1],Logistic
1.32900000,0.40000000,0.00000000,0.09729656,KFeaturesModel,KFeaturesModel_TwoFeatures_ProtectingIdentity_AttackingSecondHalf_[0.5 0.5]_[10  1]_[1 1],Logistic
1.96840000,0.20000000,0.00000000,0.01594675,VanillaGaussian,VanillaGaussian,Logistic
2.91550000,0.00000000,0.00000000,0.03975300,KFeaturesModel,KFeaturesModel_TwoFeatures_ProtectingIdentity_AttackingSecondHalf_[0.5 0.5]_[10  1]_[1 1],Logistic
1.96840000,0.60000000,0.00000000,0.05356399,KFeaturesModel,KFeaturesModel_TwoFeatures_ProtectingIdentity_AttackingIdentity_[0.5 0.5]_[10  1]_[1 1],Logistic
1.96840000,0.20000000,0.00000000,0.06542973,KFeaturesModel,KFeaturesModel_TwoFeatures_ProtectingIdentity_AttackingFirstHalf_[0.5 0.5]_[10  1]_[1 1],Logistic
1.32900000,0.60000000,0.00000000,0.09180406,KFeaturesModel,KFeaturesModel_TwoFeatures_ProtectingIdentity_AttackingSecondHalf_[0.5 0.5]_[10  1]_[1 1],Logistic
1.96840000,0.20000000,0.00000000,0.06542973,KFeaturesModel,KFeaturesModel_TwoFeatures_ProtectingIdentity_AttackingIdentity_[0.5 0.5]_[10  1]_[1 1],Logistic
1.96840000,0.60000000,0.00000000,0.05356399,KFeaturesModel,KFeaturesModel_TwoFeatures_ProtectingIdentity_AttackingFirstHalf_[0.5 0.5]_[10  1]_[1 1],Logistic
2.91550000,0.00000000,0.00000000,0.03975300,KFeaturesModel,KFeaturesModel_TwoFeatures_ProtectingIdentity_AttackingSecondHalf_[0.5 0.5]_[10  1]_[1 1],Logistic
1.32900000,0.40000000,0.00000000,0.09729656,KFeaturesModel,KFeaturesModel_TwoFeatures_ProtectingIdentity_AttackingSecondHalf_[0.5 0.5]_[10  1]_[1 1],Logistic
2.91550000,0.20000000,0.00000000,0.04056349,KFeaturesModel,KFeaturesModel_TwoFeatures_ProtectingIdentity_AttackingIdentity_[0.5 0.5]_[10  1]_[1 1],Logistic
2.91550000,0.20000000,0.00000000,0.04056349,KFeaturesModel,KFeaturesModel_TwoFeatures_ProtectingIdentity_AttackingFirstHalf_[0.5 0.5]_[10  1]_[1 1],Logistic
1.96840000,0.20000000,0.00000000,0.06543085,KFeaturesModel,KFeaturesModel_TwoFeatures_ProtectingIdentity_AttackingSecondHalf_[0.5 0.5]_[10  1]_[1 1],Logistic
1.96840000,0.40000000,0.00000000,0.06250029,KFeaturesModel,KFeaturesModel_TwoFeatures_ProtectingIdentity_AttackingSecondHalf_[0.5 0.5]_[10  1]_[1 1],Logistic
1.32900000,0.20000000,0.00000000,0.14727192,KFeaturesModel,KFeaturesModel_TwoFeatures_ProtectingSecondHalf_AttackingSecondHalf_[0.5 0.5]_[10  1]_[1 1]_SD_1_10_SU_1_10,Logistic
1.96840000,0.20000000,0.00000000,0.06543085,KFeaturesModel,KFeaturesModel_TwoFeatures_ProtectingIdentity_AttackingSecondHalf_[0.5 0.5]_[10  1]_[1 1],Logistic
1.96840000,0.40000000,0.00000000,0.06250029,KFeaturesModel,KFeaturesModel_TwoFeatures_ProtectingIdentity_AttackingSecondHalf_[0.5 0.5]_[10  1]_[1 1],Logistic
1.32900000,0.60000000,0.00000000,0.00856798,VanillaGaussian,VanillaGaussian,Logistic
2.91550000,0.00000000,0.00000000,0.03975300,KFeaturesModel,KFeaturesModel_TwoFeatures_ProtectingSecondHalf_AttackingSecondHalf_[0.5 0.5]_[10  1]_[1 1]_SD_1_10_SU_1_10,Logistic
4.31810000,0.00000000,0.00000000,0.02304515,KFeaturesModel,KFeaturesModel_TwoFeatures_ProtectingIdentity_AttackingSecondHalf_[0.5 0.5]_[10  1]_[1 1],Logistic
1.96840000,0.60000000,0.00000000,0.05356399,KFeaturesModel,KFeaturesModel_TwoFeatures_ProtectingIdentity_AttackingSecondHalf_[0.5 0.5]_[10  1]_[1 1],Logistic
2.91550000,0.20000000,0.00000000,0.00810666,VanillaGaussian,VanillaGaussian,Logistic
1.96840000,0.20000000,0.00000000,0.09256843,KFeaturesModel,KFeaturesModel_TwoFeatures_ProtectingSecondHalf_AttackingSecondHalf_[0.5 0.5]_[10  1]_[1 1]_SD_1_10_SU_1_10,Logistic
1.96840000,0.40000000,0.00000000,0.00830523,VanillaGaussian,VanillaGaussian,Logistic
4.31810000,0.00000000,0.00000000,0.02304515,KFeaturesModel,KFeaturesModel_TwoFeatures_ProtectingIdentity_AttackingSecondHalf_[0.5 0.5]_[10  1]_[1 1],Logistic
1.96840000,0.60000000,0.00000000,0.05356399,KFeaturesModel,KFeaturesModel_TwoFeatures_ProtectingIdentity_AttackingSecondHalf_[0.5 0.5]_[10  1]_[1 1],Logistic
2.91550000,0.20000000,0.00000000,0.04056350,KFeaturesModel,KFeaturesModel_TwoFeatures_ProtectingIdentity_AttackingSecondHalf_[0.5 0.5]_[10  1]_[1 1],Logistic
6.39560000,0.00000000,0.00000000,0.00253405,VanillaGaussian,VanillaGaussian,Logistic
2.91550000,0.40000000,0.00000000,0.03533460,KFeaturesModel,KFeaturesModel_TwoFeatures_ProtectingIdentity_AttackingIdentity_[0.5 0.5]_[10  1]_[1 1],Logistic
2.91550000,0.40000000,0.00000000,0.03533460,KFeaturesModel,KFeaturesModel_TwoFeatures_ProtectingIdentity_AttackingFirstHalf_[0.5 0.5]_[10  1]_[1 1],Logistic
2.91550000,0.20000000,0.00000000,0.04056350,KFeaturesModel,KFeaturesModel_TwoFeatures_ProtectingIdentity_AttackingSecondHalf_[0.5 0.5]_[10  1]_[1 1],Logistic
4.31810000,0.00000000,0.00000000,0.02304515,KFeaturesModel,KFeaturesModel_TwoFeatures_ProtectingSecondHalf_AttackingSecondHalf_[0.5 0.5]_[10  1]_[1 1]_SD_1_10_SU_1_10,Logistic
1.96840000,0.40000000,0.00000000,0.09601056,KFeaturesModel,KFeaturesModel_TwoFeatures_ProtectingSecondHalf_AttackingSecondHalf_[0.5 0.5]_[10  1]_[1 1]_SD_1_10_SU_1_10,Logistic
2.91550000,0.40000000,0.00000000,0.03533460,KFeaturesModel,KFeaturesModel_TwoFeatures_ProtectingIdentity_AttackingSecondHalf_[0.5 0.5]_[10  1]_[1 1],Logistic
6.39560000,0.00000000,0.00000000,0.01236670,KFeaturesModel,KFeaturesModel_TwoFeatures_ProtectingIdentity_AttackingFirstHalf_[0.5 0.5]_[10  1]_[1 1],Logistic
6.39560000,0.00000000,0.00000000,0.01236670,KFeaturesModel,KFeaturesModel_TwoFeatures_ProtectingIdentity_AttackingIdentity_[0.5 0.5]_[10  1]_[1 1],Logistic
2.91550000,0.40000000,0.00000000,0.03533460,KFeaturesModel,KFeaturesModel_TwoFeatures_ProtectingIdentity_AttackingSecondHalf_[0.5 0.5]_[10  1]_[1 1],Logistic
6.39560000,0.00000000,0.00000000,0.01236670,KFeaturesModel,KFeaturesModel_TwoFeatures_ProtectingIdentity_AttackingSecondHalf_[0.5 0.5]_[10  1]_[1 1],Logistic
4.31810000,0.20000000,0.00000000,0.02282474,KFeaturesModel,KFeaturesModel_TwoFeatures_ProtectingIdentity_AttackingFirstHalf_[0.5 0.5]_[10  1]_[1 1],Logistic
6.39560000,0.00000000,0.00000000,0.01236670,KFeaturesModel,KFeaturesModel_TwoFeatures_ProtectingIdentity_AttackingSecondHalf_[0.5 0.5]_[10  1]_[1 1],Logistic
4.31810000,0.20000000,0.00000000,0.02282474,KFeaturesModel,KFeaturesModel_TwoFeatures_ProtectingIdentity_AttackingIdentity_[0.5 0.5]_[10  1]_[1 1],Logistic
4.31810000,0.20000000,0.00000000,0.02282474,KFeaturesModel,KFeaturesModel_TwoFeatures_ProtectingIdentity_AttackingSecondHalf_[0.5 0.5]_[10  1]_[1 1],Logistic
4.31810000,0.20000000,0.00000000,0.02282474,KFeaturesModel,KFeaturesModel_TwoFeatures_ProtectingIdentity_AttackingSecondHalf_[0.5 0.5]_[10  1]_[1 1],Logistic
6.39560000,0.00000000,0.00000000,0.01236670,KFeaturesModel,KFeaturesModel_TwoFeatures_ProtectingSecondHalf_AttackingSecondHalf_[0.5 0.5]_[10  1]_[1 1]_SD_1_10_SU_1_10,Logistic
9.47260000,0.00000000,0.00000000,0.00620775,KFeaturesModel,KFeaturesModel_TwoFeatures_ProtectingIdentity_AttackingIdentity_[0.5 0.5]_[10  1]_[1 1],Logistic
9.47260000,0.00000000,0.00000000,0.00620775,KFeaturesModel,KFeaturesModel_TwoFeatures_ProtectingIdentity_AttackingFirstHalf_[0.5 0.5]_[10  1]_[1 1],Logistic
9.47260000,0.00000000,0.00000000,0.00620775,KFeaturesModel,KFeaturesModel_TwoFeatures_ProtectingIdentity_AttackingSecondHalf_[0.5 0.5]_[10  1]_[1 1],Logistic
2.91550000,0.20000000,0.00000000,0.03793109,KFeaturesModel,KFeaturesModel_TwoFeatures_ProtectingSecondHalf_AttackingSecondHalf_[0.5 0.5]_[10  1]_[1 1]_SD_1_10_SU_1_10,Logistic
4.31810000,0.20000000,0.00000000,0.00257881,VanillaGaussian,VanillaGaussian,Logistic
9.47260000,0.00000000,0.00000000,0.00620775,KFeaturesModel,KFeaturesModel_TwoFeatures_ProtectingIdentity_AttackingSecondHalf_[0.5 0.5]_[10  1]_[1 1],Logistic
2.91550000,0.60000000,0.00000000,-0.00150801,KFeaturesModel,KFeaturesModel_TwoFeatures_ProtectingSecondHalf_AttackingSecondHalf_[0.5 0.5]_[10  1]_[1 1]_SD_1_10_SU_1_10,Logistic
4.31810000,0.40000000,0.00000000,0.01489008,KFeaturesModel,KFeaturesModel_TwoFeatures_ProtectingIdentity_AttackingFirstHalf_[0.5 0.5]_[10  1]_[1 1],Logistic
4.31810000,0.40000000,0.00000000,0.01489008,KFeaturesModel,KFeaturesModel_TwoFeatures_ProtectingIdentity_AttackingIdentity_[0.5 0.5]_[10  1]_[1 1],Logistic
4.31810000,0.40000000,0.00000000,0.01489008,KFeaturesModel,KFeaturesModel_TwoFeatures_ProtectingIdentity_AttackingSecondHalf_[0.5 0.5]_[10  1]_[1 1],Logistic
4.31810000,0.40000000,0.00000000,0.01489008,KFeaturesModel,KFeaturesModel_TwoFeatures_ProtectingIdentity_AttackingSecondHalf_[0.5 0.5]_[10  1]_[1 1],Logistic
9.47260000,0.00000000,0.00000000,0.00620775,KFeaturesModel,KFeaturesModel_TwoFeatures_ProtectingSecondHalf_AttackingSecondHalf_[0.5 0.5]_[10  1]_[1 1]_SD_1_10_SU_1_10,Logistic
14.03000000,0.00000000,0.00000000,0.00297720,KFeaturesModel,KFeaturesModel_TwoFeatures_ProtectingIdentity_AttackingSecondHalf_[0.5 0.5]_[10  1]_[1 1],Logistic
14.03000000,0.00000000,0.00000000,0.00297720,KFeaturesModel,KFeaturesModel_TwoFeatures_ProtectingIdentity_AttackingFirstHalf_[0.5 0.5]_[10  1]_[1 1],Logistic
14.03000000,0.00000000,0.00000000,0.00297720,KFeaturesModel,KFeaturesModel_TwoFeatures_ProtectingIdentity_AttackingIdentity_[0.5 0.5]_[10  1]_[1 1],Logistic
14.03000000,0.00000000,0.00000000,0.00297720,KFeaturesModel,KFeaturesModel_TwoFeatures_ProtectingIdentity_AttackingSecondHalf_[0.5 0.5]_[10  1]_[1 1],Logistic
2.91550000,0.40000000,0.00000000,-0.00087000,VanillaGaussian,VanillaGaussian,Logistic
14.03000000,0.00000000,0.00000000,0.00297720,KFeaturesModel,KFeaturesModel_TwoFeatures_ProtectingSecondHalf_AttackingSecondHalf_[0.5 0.5]_[10  1]_[1 1]_SD_1_10_SU_1_10,Logistic
4.31810000,0.60000000,0.00000000,0.00012350,KFeaturesModel,KFeaturesModel_TwoFeatures_ProtectingIdentity_AttackingSecondHalf_[0.5 0.5]_[10  1]_[1 1],Logistic
4.31810000,0.60000000,0.00000000,0.00012350,KFeaturesModel,KFeaturesModel_TwoFeatures_ProtectingIdentity_AttackingIdentity_[0.5 0.5]_[10  1]_[1 1],Logistic
4.31810000,0.60000000,0.00000000,0.00012350,KFeaturesModel,KFeaturesModel_TwoFeatures_ProtectingIdentity_AttackingFirstHalf_[0.5 0.5]_[10  1]_[1 1],Logistic
1.96840000,0.60000000,0.00000000,-0.00485703,VanillaGaussian,VanillaGaussian,Logistic
20.78010000,0.00000000,0.00000000,0.00139134,KFeaturesModel,KFeaturesModel_TwoFeatures_ProtectingIdentity_AttackingSecondHalf_[0.5 0.5]_[10  1]_[1 1],Logistic
4.31810000,0.60000000,0.00000000,0.00012350,KFeaturesModel,KFeaturesModel_TwoFeatures_ProtectingIdentity_AttackingSecondHalf_[0.5 0.5]_[10  1]_[1 1],Logistic
4.31810000,0.20000000,0.00000000,-0.00191244,KFeaturesModel,KFeaturesModel_TwoFeatures_ProtectingSecondHalf_AttackingSecondHalf_[0.5 0.5]_[10  1]_[1 1]_SD_1_10_SU_1_10,Logistic
20.78010000,0.00000000,0.00000000,0.00139134,KFeaturesModel,KFeaturesModel_TwoFeatures_ProtectingIdentity_AttackingIdentity_[0.5 0.5]_[10  1]_[1 1],Logistic
20.78010000,0.00000000,0.00000000,0.00139134,KFeaturesModel,KFeaturesModel_TwoFeatures_ProtectingIdentity_AttackingFirstHalf_[0.5 0.5]_[10  1]_[1 1],Logistic
20.78010000,0.00000000,0.00000000,0.00139134,KFeaturesModel,KFeaturesModel_TwoFeatures_ProtectingIdentity_AttackingSecondHalf_[0.5 0.5]_[10  1]_[1 1],Logistic
9.47260000,0.20000000,0.00000000,0.00375609,KFeaturesModel,KFeaturesModel_TwoFeatures_ProtectingIdentity_AttackingSecondHalf_[0.5 0.5]_[10  1]_[1 1],Logistic
9.47260000,0.20000000,0.00000000,0.00375609,KFeaturesModel,KFeaturesModel_TwoFeatures_ProtectingIdentity_AttackingIdentity_[0.5 0.5]_[10  1]_[1 1],Logistic
9.47260000,0.20000000,0.00000000,0.00375609,KFeaturesModel,KFeaturesModel_TwoFeatures_ProtectingIdentity_AttackingFirstHalf_[0.5 0.5]_[10  1]_[1 1],Logistic
9.47260000,0.20000000,0.00000000,0.00375609,KFeaturesModel,KFeaturesModel_TwoFeatures_ProtectingIdentity_AttackingSecondHalf_[0.5 0.5]_[10  1]_[1 1],Logistic
6.39560000,0.40000000,0.00000000,0.00142119,KFeaturesModel,KFeaturesModel_TwoFeatures_ProtectingIdentity_AttackingSecondHalf_[0.5 0.5]_[10  1]_[1 1],Logistic
6.39560000,0.40000000,0.00000000,0.00142119,KFeaturesModel,KFeaturesModel_TwoFeatures_ProtectingIdentity_AttackingIdentity_[0.5 0.5]_[10  1]_[1 1],Logistic
45.58520000,0.60000000,0.00000000,-0.99999998,KFeaturesModel,KFeaturesModel_TwoFeatures_ProtectingSecondHalf_AttackingSecondHalf_[0.5 0.5]_[10  1]_[1 1]_SD_1_10_SU_1_10,Logistic
6.39560000,0.40000000,0.00000000,0.00142119,KFeaturesModel,KFeaturesModel_TwoFeatures_ProtectingIdentity_AttackingFirstHalf_[0.5 0.5]_[10  1]_[1 1],Logistic
6.39560000,0.40000000,0.00000000,0.00142119,KFeaturesModel,KFeaturesModel_TwoFeatures_ProtectingIdentity_AttackingSecondHalf_[0.5 0.5]_[10  1]_[1 1],Logistic
30.77760000,0.60000000,0.00000000,-0.99999998,KFeaturesModel,KFeaturesModel_TwoFeatures_ProtectingSecondHalf_AttackingSecondHalf_[0.5 0.5]_[10  1]_[1 1]_SD_1_10_SU_1_10,Logistic
67.51680000,0.60000000,0.00000000,-0.99999998,VanillaGaussian,VanillaGaussian,Logistic
20.78010000,0.00000000,0.00000000,0.00139134,KFeaturesModel,KFeaturesModel_TwoFeatures_ProtectingSecondHalf_AttackingSecondHalf_[0.5 0.5]_[10  1]_[1 1]_SD_1_10_SU_1_10,Logistic
45.58520000,0.60000000,0.00000000,-0.99999998,VanillaGaussian,VanillaGaussian,Logistic
67.51680000,0.60000000,0.00000000,-0.99999998,KFeaturesModel,KFeaturesModel_TwoFeatures_ProtectingSecondHalf_AttackingSecondHalf_[0.5 0.5]_[10  1]_[1 1]_SD_1_10_SU_1_10,Logistic
67.51680000,0.40000000,0.00000000,-0.99999998,KFeaturesModel,KFeaturesModel_TwoFeatures_ProtectingSecondHalf_AttackingSecondHalf_[0.5 0.5]_[10  1]_[1 1]_SD_1_10_SU_1_10,Logistic
100.00000000,0.60000000,0.00000000,-0.99999998,KFeaturesModel,KFeaturesModel_TwoFeatures_ProtectingSecondHalf_AttackingSecondHalf_[0.5 0.5]_[10  1]_[1 1]_SD_1_10_SU_1_10,Logistic
6.39560000,0.20000000,0.00000000,-0.00039518,VanillaGaussian,VanillaGaussian,Logistic
100.00000000,0.40000000,0.00000000,-0.99999998,KFeaturesModel,KFeaturesModel_TwoFeatures_ProtectingSecondHalf_AttackingSecondHalf_[0.5 0.5]_[10  1]_[1 1]_SD_1_10_SU_1_10,Logistic
30.77760000,0.00000000,0.00000000,0.00064173,KFeaturesModel,KFeaturesModel_TwoFeatures_ProtectingIdentity_AttackingSecondHalf_[0.5 0.5]_[10  1]_[1 1],Logistic
30.77760000,0.00000000,0.00000000,0.00064173,KFeaturesModel,KFeaturesModel_TwoFeatures_ProtectingIdentity_AttackingFirstHalf_[0.5 0.5]_[10  1]_[1 1],Logistic
30.77760000,0.00000000,0.00000000,0.00064173,KFeaturesModel,KFeaturesModel_TwoFeatures_ProtectingIdentity_AttackingIdentity_[0.5 0.5]_[10  1]_[1 1],Logistic
30.77760000,0.00000000,0.00000000,0.00064173,KFeaturesModel,KFeaturesModel_TwoFeatures_ProtectingIdentity_AttackingSecondHalf_[0.5 0.5]_[10  1]_[1 1],Logistic
30.77760000,0.00000000,0.00000000,0.00011746,VanillaGaussian,VanillaGaussian,Logistic
30.77760000,0.00000000,0.00000000,0.00064173,KFeaturesModel,KFeaturesModel_TwoFeatures_ProtectingSecondHalf_AttackingSecondHalf_[0.5 0.5]_[10  1]_[1 1]_SD_1_10_SU_1_10,Logistic
45.58520000,0.40000000,0.00000000,-0.99999998,KFeaturesModel,KFeaturesModel_TwoFeatures_ProtectingSecondHalf_AttackingSecondHalf_[0.5 0.5]_[10  1]_[1 1]_SD_1_10_SU_1_10,Logistic
100.00000000,0.20000000,0.00000000,-0.99999998,KFeaturesModel,KFeaturesModel_TwoFeatures_ProtectingSecondHalf_AttackingSecondHalf_[0.5 0.5]_[10  1]_[1 1]_SD_1_10_SU_1_10,Logistic
